locality,city,population,area sq km,populationdensity,urban heat island index,police chowkis,internet penetration percent,total crimes,crimes against women,uhi_category,pop_density_cat,internet_cat,crimes_cat,police_density,police_density_cat,women safety index,risk index
Andheri,Mumbai,25524,0.57,44778.94737,0.82,5,89.0,156,17,High,High,Medium,High,8.771929824561404,High,17.300972491114294,17.300972491114294
Aram Nagar,Mumbai,27382,0.58,47210.34483,0.72,5,89.2,106,12,Medium,High,Medium,Medium,8.620689655172415,Medium,11.27543331017089,11.27543331017089
Amboli,Mumbai,21020,0.62,33903.22581,0.7,4,89.3,73,8,Medium,Medium,Medium,Medium,6.451612903225807,Medium,7.587945806195918,7.587945806195918
Chakala,Mumbai,16392,0.4,40980.0,0.78,3,89.1,85,10,Medium,Medium,Medium,Medium,7.5,Medium,8.953103200000001,8.953103200000001
D.N. Nagar,Mumbai,23880,0.7,34114.28571,0.72,5,94.8,58,5,Medium,Medium,High,Low,7.142857142857143,Medium,5.686081143165973,5.686081143165973
Four Bungalows,Mumbai,22934,0.82,27968.29268,0.7,5,92.7,59,5,Medium,Low,High,Low,6.097560975609756,Medium,5.987336048991397,5.987336048991397
JB Nagar,Mumbai,16482,0.52,31696.15385,0.75,3,86.3,68,8,Medium,Medium,Low,Medium,5.769230769230769,Medium,7.212267461261306,7.212267461261306
Kajuwadi,Mumbai,25255,0.46,54902.17391,0.78,6,85.2,132,18,Medium,High,Low,High,13.043478260869565,High,15.852969174132356,15.852969174132356
Lokhandwala Complex,Mumbai,21854,0.71,30780.28169,0.68,4,93.7,48,4,Low,Medium,High,Low,5.633802816901409,Medium,4.243549971841136,4.243549971841136
Marol,Mumbai,15666,0.52,30126.92308,0.78,2,89.0,60,6,Medium,Medium,Medium,Low,3.846153846153846,Low,5.437587461316738,5.437587461316738
Mogra Village,Mumbai,31538,0.53,59505.66038,0.72,7,85.0,163,21,Medium,High,Low,High,13.20754716981132,High,19.070738792262485,19.070738792262485
Model Town,Mumbai,22508,0.57,39487.7193,0.7,4,90.6,83,8,Medium,Medium,Medium,Medium,7.017543859649123,Medium,8.435535298119191,8.435535298119191
Poonam Nagar,Mumbai,27266,0.65,41947.69231,0.72,5,90.3,105,10,Medium,Medium,Medium,Medium,7.692307692307692,Medium,11.07280036906448,11.07280036906448
Saki Naka,Mumbai,25560,0.45,56800.0,0.8,6,84.6,144,18,High,High,Low,High,13.333333333333332,High,17.266378666666665,17.266378666666665
Seven Bungalows,Mumbai,20366,0.67,30397.01493,0.68,4,91.8,52,5,Low,Medium,High,Low,5.970149253731343,Medium,5.025843999666589,5.025843999666589
Versova,Mumbai,18540,0.79,23468.35443,0.52,4,93.1,45,4,Low,Low,High,Low,5.063291139240506,Low,4.105317113951416,4.105317113951416
SEEPZ,Mumbai,17232,0.51,33788.23529,0.8,3,90.4,67,7,High,Medium,Medium,Medium,5.88235294117647,Medium,6.682728000296719,6.682728000296719
Sahar,Mumbai,15817,0.51,31013.72549,0.78,3,90.9,66,7,Medium,Medium,High,Medium,5.88235294117647,Medium,6.707111176484714,6.707111176484714
Bandra,Mumbai,20708,0.89,23267.41573,0.72,4,91.9,86,9,Medium,Low,High,Medium,4.49438202247191,Low,8.837973528114178,8.837973528114178
Bandra Kurla Complex,Mumbai,5618,1.15,4885.217391,0.92,1,93.6,35,5,High,Low,High,Low,0.8695652173913044,Low,2.9509357565436725,2.9509357565436725
Bandstand Promenade,Mumbai,22653,0.76,29806.57895,0.45,5,93.4,50,4,Low,Medium,High,Low,6.578947368421052,Medium,4.734149499810369,4.734149499810369
Gandhi Nagar,Mumbai,20968,0.82,25570.73171,0.75,4,92.7,84,9,Medium,Low,High,Medium,4.878048780487805,Low,8.556834048587158,8.556834048587158
M I G Colony,Mumbai,27278,0.83,32865.06024,0.7,5,88.2,101,9,Medium,Medium,Medium,Medium,6.024096385542169,Medium,10.767693638623674,10.767693638623674
Kherwadi,Mumbai,26453,0.6,44088.33333,0.73,4,90.4,113,10,Medium,High,Medium,High,6.666666666666667,Medium,11.416280033573535,11.416280033573535
Bharat Nagar,Mumbai,26865,0.44,61056.81818,0.8,6,83.5,155,19,High,High,Low,High,13.636363636363637,High,18.42653840922193,18.42653840922193
Land's End,Mumbai,24119,0.79,30530.37975,0.42,5,91.3,55,5,Low,Medium,High,Low,6.329113924050633,Medium,5.304762252936518,5.304762252936518
Pali Hill,Mumbai,19979,0.78,25614.10256,0.55,4,91.0,37,3,Low,Low,High,Low,5.128205128205128,Low,3.2783164874751187,3.2783164874751187
Old Town,Mumbai,22507,0.81,27786.41975,0.73,4,90.6,90,10,Medium,Low,Medium,Medium,4.938271604938271,Low,9.267190987876731,9.267190987876731
Bandra reclamation,Mumbai,19199,0.64,29998.4375,0.62,4,94.1,51,4,Low,Medium,High,Low,6.25,Medium,4.797825593750002,4.797825593750002
Chapel Avenue,Mumbai,22937,0.66,34753.0303,0.62,4,91.8,63,5,Low,Medium,High,Medium,6.0606060606060606,Medium,5.942505848703213,5.942505848703213
KC Marg,Mumbai,22443,0.8,28053.75,0.65,4,92.6,58,4,Low,Low,High,Low,5.0,Low,5.3897067750000005,5.3897067750000005
Carter Road,Mumbai,23278,0.67,34743.28358,0.52,5,92.4,50,5,Low,Medium,High,Low,7.462686567164178,Medium,4.884623104628186,4.884623104628186
Kala Nagar,Mumbai,19423,0.88,22071.59091,0.7,4,94.7,47,5,Medium,Low,High,Low,4.545454545454546,Low,4.252192068116309,4.252192068116309
Naupada,Mumbai,28169,0.79,35656.96203,0.72,5,92.3,131,13,Medium,Medium,High,High,6.329113924050633,Medium,13.75866073383972,13.75866073383972
Nirmal Nagar,Mumbai,24394,0.62,39345.16129,0.7,4,91.7,84,9,Medium,Medium,High,Medium,6.451612903225807,Medium,8.236599935507119,8.236599935507119
WEH Western Express Highway,Mumbai,2788,0.22,12672.72727,0.75,1,89.4,5,1,Medium,Low,Medium,Low,4.545454545454546,Low,0.6654941820147094,0.6654941820147094
Valmiki Nagar,Mumbai,24909,0.76,32775.0,0.65,4,88.7,89,8,Low,Medium,Medium,Medium,5.2631578947368425,Low,9.015998763157894,9.015998763157894
Sadguru Colony,Mumbai,24810,0.77,32220.77922,0.65,4,88.9,95,10,Low,Medium,Medium,Medium,5.194805194805195,Low,9.692705974082122,9.692705974082122
Bharam Nagar,Mumbai,21982,0.83,26484.33735,0.72,4,89.0,85,8,Medium,Low,Medium,Medium,4.819277108433735,Low,8.875242554173457,8.875242554173457
Subhash Nagar,Mumbai,22553,0.59,38225.42373,0.73,4,91.9,117,13,Medium,Medium,High,High,6.779661016949153,Medium,12.208005932117896,12.208005932117896
Sanjay Nagar,Mumbai,26833,0.52,51601.92308,0.73,6,88.1,137,17,Medium,High,Medium,High,11.538461538461538,High,15.756402038239813,15.756402038239813
Sant Dnyaneshwar Nagar,Mumbai,25344,0.48,52800.0,0.72,5,87.9,135,14,Medium,High,Medium,High,10.416666666666668,High,15.000868333333335,15.000868333333335
Bairam Naupada,Mumbai,21358,0.69,30953.62319,0.73,4,88.4,80,8,Medium,Medium,Medium,Medium,5.797101449275363,Medium,8.439010724522808,8.439010724522808
Patkar Blocks,Mumbai,22774,0.82,27773.17073,0.72,4,90.9,88,8,Medium,Low,High,Medium,4.878048780487805,Low,8.981454292805955,8.981454292805955
Vaidya Nagar,Mumbai,26953,0.76,35464.47368,0.72,4,89.1,107,11,Medium,Medium,Medium,Medium,5.2631578947368425,Low,10.896763289777095,10.896763289777095
Santosh Nagar,Mumbai,26830,0.64,41921.875,0.7,5,92.1,114,10,Medium,Medium,High,High,7.8125,Medium,11.970245937500001,11.970245937500001
Saint Martin Road,Mumbai,2646,0.2,13230.0,0.65,1,89.5,5,1,Low,Low,Medium,Low,5.0,Low,0.7068062000000018,0.7068062000000018
Saint Andrew Road,Mumbai,3120,0.18,17333.33333,0.63,1,87.6,5,1,Low,Low,Medium,Low,5.555555555555555,Medium,0.7809164446846458,0.7809164446846458
Bandra Fort,Mumbai,20518,0.68,30173.52941,0.48,4,94.7,42,4,Low,Medium,High,Low,5.88235294117647,Medium,3.4339357060095184,3.4339357060095184
Saint Paul Road,Mumbai,3217,0.2,16085.0,0.63,1,89.4,6,1,Low,Low,Medium,Low,5.0,Low,0.6049268999999992,0.6049268999999992
Guru Nanak Road,Mumbai,3363,0.2,16815.0,0.65,1,88.9,6,1,Low,Low,Medium,Low,5.0,Low,0.6142710999999991,0.6142710999999991
Mount Mary Road,Mumbai,2827,0.23,12291.30435,0.55,1,90.9,5,1,Low,Low,High,Low,4.3478260869565215,Low,0.2986912172346534,0.2986912172346534
Saint Josephs Road,Mumbai,2774,0.17,16317.64706,0.64,1,92.2,5,1,Low,Low,High,Low,5.88235294117647,Medium,0.5942745881505187,0.5942745881505187
Rizvi Complex,Mumbai,18823,0.88,21389.77273,0.67,4,91.9,43,3,Low,Low,High,Low,4.545454545454546,Low,4.062851886167108,4.062851886167108
Ranwar,Mumbai,18006,0.82,21958.53659,0.62,4,93.7,40,3,Low,Low,High,Low,4.878048780487805,Low,3.6118168289343573,3.6118168289343573
D'Monte Park Road,Mumbai,3279,0.18,18216.66667,0.6,1,88.8,6,1,Low,Low,Medium,Low,5.555555555555555,Medium,0.6987914442042458,0.6987914442042458
Perry Cross Road,Mumbai,2750,0.23,11956.52174,0.6,1,87.5,5,1,Low,Low,Medium,Low,4.3478260869565215,Low,0.6647356521112532,0.6647356521112532
Tata Blocks,Mumbai,17999,0.66,27271.21212,0.65,4,94.9,37,3,Low,Low,High,Low,6.0606060606060606,Medium,3.2860176667540117,3.2860176667540117
Indiraji Nagar,Mumbai,25539,0.67,38117.91045,0.7,4,90.5,98,9,Medium,Medium,Medium,Medium,5.970149253731343,Medium,9.826624268495388,9.826624268495388
Somnath lane,Mumbai,3423,0.17,20135.29412,0.68,1,92.2,7,1,Low,Low,High,Low,5.88235294117647,Medium,0.5832709410069188,0.5832709410069188
Bandra Terminus,Mumbai,26179,0.65,40275.38462,0.78,5,90.7,148,18,Medium,Medium,High,High,7.692307692307692,Medium,16.09865086120588,16.09865086120588
28th Road,Mumbai,2779,0.22,12631.81818,0.65,1,88.5,5,1,Low,Low,Medium,Low,4.545454545454546,Low,0.6545020910401099,0.6545020910401099
1st Road,Mumbai,3217,0.21,15319.04762,0.65,1,89.5,6,1,Low,Low,Medium,Low,4.761904761904762,Low,0.5743218094551817,0.5743218094551817
9th Road,Mumbai,2832,0.23,12313.04348,0.65,1,90.7,5,1,Low,Low,High,Low,4.3478260869565215,Low,0.4067646955268537,0.4067646955268537
Saint Cyril Road,Mumbai,2912,0.18,16177.77778,0.63,1,91.1,6,1,Low,Low,High,Low,5.555555555555555,Medium,0.6732857776176459,0.6732857776176459
SG Joshi Marg,Mumbai,3362,0.21,16009.52381,0.65,1,92.9,6,1,Low,Low,High,Low,4.761904761904762,Low,0.22876609520378077,0.22876609520378077
B Block BKC,Mumbai,4894,1.03,4751.456311,0.92,1,94.8,29,4,High,Low,High,Low,0.970873786407767,Low,2.2152297087147783,2.2152297087147783
National Library Road,Mumbai,2975,0.23,12934.78261,0.88,1,92.3,6,1,High,Low,High,Low,4.3478260869565215,Low,0.5485141738190521,0.5485141738190521
Bandra Worli Sea Link,Mumbai,3119,0.19,16415.78947,0.4,1,91.0,4,1,Low,Low,High,Low,5.2631578947368425,Low,0.10814347394969387,0.10814347394969387
Manuel Gonsalves Road,Mumbai,2729,0.16,17056.25,0.62,1,92.8,5,1,Low,Low,High,Low,6.25,Medium,0.6179396250000009,0.6179396250000009
Pandurang Ashram Marg,Mumbai,2922,0.21,13914.28571,0.63,1,91.0,6,1,Low,Low,High,Low,4.761904761904762,Low,0.5266009526897811,0.5266009526897811
Chimbai Road,Mumbai,3140,0.16,19625.0,0.58,1,90.8,6,1,Low,Low,High,Low,6.25,Medium,0.6835395000000004,0.6835395000000004
Hill Road,Mumbai,18958,0.89,21301.1236,0.68,4,94.0,87,8,Low,Low,High,Medium,4.49438202247191,Low,8.873668539001978,8.873668539001978
Pereira Road,Mumbai,2960,0.22,13454.54545,0.63,1,88.4,5,1,Low,Low,Medium,Low,4.545454545454546,Low,0.5854683639639091,0.5854683639639091
BJ Road,Mumbai,3352,0.21,15961.90476,0.67,1,89.1,6,1,Low,Low,Medium,Low,4.761904761904762,Low,0.5812455239467823,0.5812455239467823
DR. Ambedkar Road,Mumbai,3357,0.22,15259.09091,0.7,1,87.7,6,1,Medium,Low,Medium,Low,4.545454545454546,Low,0.6945008181163091,0.6945008181163091
St. Sebastian Road,Mumbai,3239,0.2,16195.0,0.62,1,87.0,6,1,Low,Low,Low,Low,5.0,Low,0.7965763000000001,0.7965763000000001
Mount Carmel Road,Mumbai,2794,0.19,14705.26316,0.58,1,91.0,5,1,Low,Low,High,Low,5.2631578947368425,Low,0.5110359998482954,0.5110359998482954
Vastu,Mumbai,22300,0.62,35967.74194,0.67,5,91.7,47,4,Low,Medium,High,Low,8.064516129032258,Medium,4.896362838384244,4.896362838384244
Galaxy Apartment,Mumbai,20496,0.87,23558.62069,0.65,4,92.8,47,4,Low,Low,High,Low,4.597701149425287,Low,4.285183264342969,4.285183264342969
Pali Mala Road,Mumbai,2892,0.16,18075.0,0.58,1,91.5,6,1,Low,Low,High,Low,6.25,Medium,0.7343325,0.7343325
Borivali,Mumbai,14635,0.82,17847.56098,0.68,2,87.8,60,6,Low,Low,Medium,Low,2.4390243902439024,Low,5.769917243586078,5.769917243586078
I.C. Colony,Mumbai,12259,0.41,29900.0,0.65,2,89.7,30,2,Low,Medium,Medium,Low,4.878048780487805,Low,2.279226975609756,2.279226975609756
L.I.C. Colony aka Jeevan Bhima Nagar,Mumbai,12377,0.43,28783.72093,0.65,2,90.6,33,3,Low,Medium,Medium,Low,4.651162790697675,Low,2.5311166976911776,2.5311166976911776
Eksar Colony,Mumbai,10726,0.53,20237.73585,0.62,2,87.2,28,3,Low,Low,Medium,Low,3.773584905660377,Low,2.4948963772905106,2.4948963772905106
Shimpoli,Mumbai,13702,0.7,19574.28571,0.65,1,85.6,34,3,Low,Low,Low,Low,1.4285714285714286,Low,2.4501226860231147,2.4501226860231147
Gorai,Mumbai,3702,0.42,8814.285714,0.32,1,82.1,7,1,Low,Low,Low,Low,2.380952380952381,Low,0.5405867619253517,0.5405867619253517
Kora Kendra,Mumbai,15675,0.83,18885.54217,0.65,2,87.5,58,6,Low,Low,Medium,Low,2.4096385542168677,Low,5.454555783037028,5.454555783037028
Vazira Naka,Mumbai,12841,0.65,19755.38462,0.68,2,88.3,50,4,Low,Low,Medium,Low,3.0769230769230766,Low,4.708928215052032,4.708928215052032
Babhai,Mumbai,15897,0.83,19153.01205,0.62,2,88.5,60,5,Low,Low,Medium,Low,2.4096385542168677,Low,5.547809903484229,5.547809903484229
Chikuwadi,Mumbai,16436,0.89,18467.41573,0.58,2,89.5,60,6,Low,Low,Medium,Low,2.247191011235955,Low,5.408127775305188,5.408127775305188
Yogi Nagar,Mumbai,17061,0.72,23695.83333,0.65,2,89.8,66,6,Low,Low,Medium,Medium,2.7777777777777777,Low,5.964360472462422,5.964360472462422
Devipada,Mumbai,19812,0.55,36021.81818,0.55,3,82.0,105,11,Low,Medium,Low,Medium,5.454545454545454,Medium,11.167096872858293,11.167096872858293
Magathane,Mumbai,16271,0.7,23244.28571,0.6,2,85.8,59,7,Low,Low,Low,Low,2.857142857142857,Low,5.535428200308831,5.535428200308831
Nancy Colony,Mumbai,13810,0.56,24660.71429,0.62,2,88.7,37,3,Low,Low,Medium,Low,3.571428571428571,Low,2.986951213976885,2.986951213976885
Sukurwadi,Mumbai,23899,0.49,48773.46939,0.58,5,85.2,114,13,Low,High,Low,High,10.204081632653061,High,12.925873754940273,12.925873754940273
Dahisar,Mumbai,15171,0.75,20228.0,0.65,2,90.7,64,6,Low,Low,High,Medium,2.6666666666666665,Low,5.864163653333333,5.864163653333333
NL Complex,Mumbai,13740,0.42,32714.28571,0.6,2,87.5,37,3,Low,Medium,Medium,Low,4.761904761904762,Low,2.9703009526897803,2.9703009526897803
Mandapeshwar Caves,Mumbai,3854,0.41,9400.0,0.4,1,82.0,6,1,Low,Low,Low,Low,2.4390243902439024,Low,0.49057648780487856,0.49057648780487856
Northern heights,Mumbai,14281,0.86,16605.81395,0.55,2,87.3,37,3,Low,Low,Medium,Low,2.3255813953488373,Low,3.1246608607164887,3.1246608607164887
Shakti Nagar,Mumbai,10946,0.54,20270.37037,0.62,2,91.6,28,2,Low,Low,High,Low,3.7037037037037033,Low,2.0817014074340965,2.0817014074340965
Anand Nagar,Mumbai,12465,0.56,22258.92857,0.68,2,91.4,43,5,Low,Low,High,Low,3.571428571428571,Low,3.662067892960085,3.662067892960085
Ketkipada,Mumbai,23050,0.49,47040.81633,0.58,4,83.9,126,14,Low,High,Low,High,8.16326530612245,Medium,13.708049142607141,13.708049142607141
Anand Park,Mumbai,15912,0.68,23400.0,0.55,2,85.4,42,3,Low,Low,Low,Low,2.941176470588235,Low,3.615410117647059,3.615410117647059
Krishna Colony,Mumbai,12634,0.55,22970.90909,0.6,2,88.8,32,3,Low,Low,Medium,Low,3.6363636363636362,Low,2.5396290182473287,2.5396290182473287
Rawalpada,Mumbai,25717,0.5,51434.0,0.55,4,83.0,137,15,Low,High,Low,High,8.0,Medium,14.626185959999999,14.626185959999999
Ashok Van,Mumbai,13557,0.6,22595.0,0.5,2,87.0,35,3,Low,Low,Low,Low,3.3333333333333335,Low,2.8502709666666677,2.8502709666666677
Balaji Colony,Mumbai,13240,0.43,30790.69767,0.58,2,89.4,34,3,Low,Medium,Medium,Low,4.651162790697675,Low,2.539925953806777,2.539925953806777
Ekta Colony,Mumbai,12385,0.49,25275.5102,0.58,2,89.8,31,3,Low,Low,Medium,Low,4.081632653061225,Low,2.3331979186614706,2.3331979186614706
Maratha Nagar,Mumbai,13707,0.48,28556.25,0.62,2,88.5,35,3,Low,Low,Medium,Low,4.166666666666667,Low,2.7353079583333333,2.7353079583333333
Konkani pada,Mumbai,22924,0.46,49834.78261,0.52,4,84.5,121,13,Low,High,Low,High,8.695652173913043,High,13.0448187825147,13.0448187825147
CS Complex,Mumbai,13590,0.45,30200.0,0.6,2,86.2,35,3,Low,Medium,Low,Low,4.444444444444445,Low,2.909983555555555,2.909983555555555
Avdhut Nagar,Mumbai,14337,0.46,31167.3913,0.6,2,87.4,36,3,Low,Medium,Medium,Low,4.3478260869565215,Low,2.8107003916176527,2.8107003916176527
Narendra Complex,Mumbai,11404,0.44,25918.18182,0.6,2,87.0,29,3,Low,Low,Low,Low,4.545454545454546,Low,2.5078667271417103,2.5078667271417103
Shanti Nagar,Mumbai,10635,0.49,21704.08163,0.6,2,90.2,26,2,Low,Low,Medium,Low,4.081632653061225,Low,2.0062030614156705,2.0062030614156705
Yadav Nagar,Mumbai,23870,0.49,48714.28571,0.6,4,85.8,127,14,Low,High,Low,High,8.16326530612245,Medium,13.55420693908434,13.55420693908434
Gavde Nagar,Mumbai,23587,0.59,39977.9661,0.58,4,82.0,110,13,Low,Medium,Low,High,6.779661016949153,Medium,12.009457728935697,12.009457728935697
Ganpat Patil Marg,Mumbai,3293,0.17,19370.58824,0.6,1,89.2,6,1,Low,Low,Medium,Low,5.88235294117647,Medium,0.7119836467197169,0.7119836467197169
Navagaon,Mumbai,21073,0.42,50173.80952,0.55,4,82.2,113,13,Low,High,Low,High,9.523809523809524,High,12.671700047893562,12.671700047893562
Mhatre Wadi Tadwe Wadi,Mumbai,22458,0.42,53471.42857,0.55,4,85.2,106,12,Low,High,Low,Medium,9.523809523809524,High,11.377873619150561,11.377873619150561
Goregaon,Mumbai,21496,0.83,25898.79518,0.75,4,92.1,91,10,Medium,Low,High,Medium,4.819277108433735,Low,9.357008722943657,9.357008722943657
Best Nagar,Mumbai,28921,0.45,64268.88889,0.72,6,87.1,159,20,Medium,High,Low,High,13.333333333333332,High,18.140878533253268,18.140878533253268
Jawahar Nagar,Mumbai,27558,0.61,45177.04918,0.72,5,92.1,108,10,Medium,High,High,Medium,8.19672131147541,Medium,11.226714098384281,11.226714098384281
Aarey Milk Colony,Mumbai,3817,0.47,8121.276596,0.22,1,78.6,5,1,Low,Low,Low,Low,2.127659574468085,Low,0.47393859572628416,0.47393859572628416
Motilal Nagar,Mumbai,22943,0.82,27979.26829,0.72,4,91.2,91,9,Medium,Low,High,Medium,4.878048780487805,Low,9.281302902632355,9.281302902632355
Bangur Nagar,Mumbai,23201,0.83,27953.01205,0.7,4,92.4,86,9,Medium,Low,High,Medium,4.819277108433735,Low,8.568761855291458,8.568761855291458
Gokuldham,Mumbai,21268,0.72,29538.88889,0.65,4,93.5,49,4,Low,Medium,High,Low,5.555555555555555,Medium,4.404932111031046,4.404932111031046
Jayprakash Nagar,Mumbai,26410,0.62,42596.77419,0.72,5,91.1,109,11,Medium,High,High,Medium,8.064516129032258,Medium,11.560194774449245,11.560194774449245
Pandurang Wadi,Mumbai,24376,0.59,41315.25424,0.7,5,83.3,126,15,Medium,Medium,Low,High,8.474576271186441,Medium,14.40845023709272,14.40845023709272
NESCO Colony,Mumbai,15235,0.42,36273.80952,0.72,2,88.8,59,6,Medium,Medium,Medium,Low,4.761904761904762,Low,5.210589666941183,5.210589666941183
Oshiwara,Mumbai,23092,0.75,30789.33333,0.68,4,91.7,58,5,Low,Medium,High,Low,5.333333333333333,Medium,5.432319306906865,5.432319306906865
Jogeshwari,Mumbai,28029,0.63,44490.47619,0.76,5,90.5,153,20,Medium,High,Medium,High,7.936507936507937,Medium,16.459860920669236,16.459860920669236
Amrut Nagar,Mumbai,30629,0.57,53735.08772,0.78,7,87.4,147,19,Medium,High,Medium,High,12.280701754385966,High,17.14356719293189,17.14356719293189
Kevni Pada,Mumbai,27563,0.56,49219.64286,0.72,5,85.3,150,17,Medium,High,Low,High,8.928571428571427,High,16.591896249794118,16.591896249794118
Behram Baug,Mumbai,27414,0.43,63753.48837,0.72,6,83.6,159,19,Medium,High,Low,High,13.953488372093023,High,18.731386511778734,18.731386511778734
Malcolm Bau,Mumbai,27131,0.46,58980.43478,0.72,6,84.4,130,15,Medium,High,Low,High,13.043478260869565,High,15.346145695840157,15.346145695840157
Patliputra Nagar,Mumbai,26525,0.57,46535.08772,0.7,5,92.0,104,12,Medium,High,High,Medium,8.771929824561404,High,10.895537017493293,10.895537017493293
Vahatuk Nagar,Mumbai,25703,0.79,32535.44304,0.7,5,88.4,96,10,Medium,Medium,Medium,Medium,6.329113924050633,Medium,10.328449392259122,10.328449392259122
Vaishali Nagar,Mumbai,25162,0.8,31452.5,0.7,5,92.4,97,9,Medium,Medium,High,Medium,6.25,Medium,10.140337850000002,10.140337850000002
Sainik Nagar,Mumbai,26134,0.67,39005.97015,0.7,5,91.9,91,10,Medium,Medium,High,Medium,7.462686567164178,Medium,9.444585910393984,9.444585910393984
Patilwadi,Mumbai,26168,0.54,48459.25926,0.72,6,84.9,142,15,Medium,High,Low,High,11.11111111111111,High,16.64854266661329,16.64854266661329
Dnyaneshwar Marg,Mumbai,2892,0.19,15221.05263,0.7,1,89.4,5,1,Medium,Low,Medium,Low,5.2631578947368425,Low,0.7237562106400953,0.7237562106400953
Shastri Nagar,Mumbai,21327,0.74,28820.27027,0.72,4,88.8,77,7,Medium,Medium,Medium,Medium,5.405405405405405,Medium,8.05072851353299,8.05072851353299
Azad Nagar,Mumbai,21548,0.74,29118.91892,0.72,4,92.4,83,8,Medium,Medium,High,Medium,5.405405405405405,Medium,8.397607891813989,8.397607891813989
Khan Estate,Mumbai,23754,0.56,42417.85714,0.73,6,84.8,127,14,Medium,High,Low,High,10.714285714285714,High,15.238564071634459,15.238564071634459
Pratiksha Nagar,Mumbai,24984,0.78,32030.76923,0.72,4,90.1,91,8,Medium,Medium,Medium,Medium,5.128205128205128,Low,9.185439487234918,9.185439487234918
BR Nagar,Mumbai,25361,0.58,43725.86207,0.72,5,85.1,132,16,Medium,High,Low,High,8.620689655172415,Medium,14.836825137856495,14.836825137856495
Momin Nagar,Mumbai,23452,0.56,41878.57143,0.72,5,84.9,119,14,Medium,Medium,Low,High,8.928571428571427,High,13.634093857039913,13.634093857039913
Prabhat Nagar,Mumbai,23364,0.72,32450.0,0.7,4,89.6,87,8,Medium,Medium,Medium,Medium,5.555555555555555,Medium,8.897377444444446,8.897377444444446
Kadam Nagar,Mumbai,25018,0.48,52120.83333,0.7,6,83.2,136,15,Medium,High,Low,High,12.5,High,16.3899027502402,16.3899027502402
Ambivali,Mumbai,31564,0.46,68617.3913,0.68,7,86.7,176,21,Low,High,Low,High,15.217391304347826,High,20.512701913356786,20.512701913356786
Mahatma Jyotiba Phule Nagar,Mumbai,29032,0.55,52785.45455,0.73,6,87.2,139,16,Medium,High,Medium,High,10.909090909090908,High,15.724050326945182,15.724050326945182
Patel Estate,Mumbai,22928,0.78,29394.87179,0.72,4,92.3,95,9,Medium,Medium,High,Medium,5.128205128205128,Low,9.638382256761318,9.638382256761318
Prathmesh Complex,Mumbai,25806,0.76,33955.26316,0.68,4,90.0,92,10,Low,Medium,Medium,Medium,5.2631578947368425,Low,9.186320999848295,9.186320999848295
Somani Gram,Mumbai,25575,0.65,39346.15385,0.65,5,92.5,99,9,Low,Medium,High,Medium,7.692307692307692,Medium,10.322699230492077,10.322699230492077
Gautam Nagar,Mumbai,22994,0.77,29862.33766,0.68,4,90.6,118,14,Low,Medium,Medium,High,5.194805194805195,Low,12.355227272895727,12.355227272895727
Adarsh Nagar,Mumbai,24726,0.82,30153.65854,0.68,5,89.1,105,9,Low,Medium,Medium,Medium,6.097560975609756,Medium,11.350210585119795,11.350210585119795
Balasaheb Thackeray Flyover,Mumbai,3275,0.22,14886.36364,0.75,1,88.0,5,1,Medium,Low,Medium,Low,4.545454545454546,Low,0.6277795451925099,0.6277795451925099
JVLR,Mumbai,3419,0.23,14865.21739,0.72,1,89.6,5,1,Medium,Low,Medium,Low,4.3478260869565215,Low,0.38312304357225446,0.38312304357225446
Gupha Tekdi,Mumbai,3838,0.56,6853.571429,0.45,1,78.2,6,1,Low,Low,Low,Low,1.7857142857142856,Low,0.788618785683403,0.788618785683403
Poonam Nagar,Mumbai,25766,0.72,35786.11111,0.72,4,92.5,101,11,Medium,Medium,High,Medium,5.555555555555555,Medium,10.013525277857845,10.013525277857845
Squatters Colony,Mumbai,23581,0.58,40656.89655,0.78,5,84.8,122,16,Medium,Medium,Low,High,8.620689655172415,Medium,14.003418793227691,14.003418793227691
Samarth Nagar,Mumbai,26880,0.81,33185.18519,0.7,5,89.3,93,9,Medium,Medium,Medium,Medium,6.172839506172839,Medium,9.799816049035762,9.799816049035762
Shyam Nagar,Mumbai,23062,0.7,32945.71429,0.68,4,90.2,86,9,Low,Medium,Medium,Medium,5.714285714285714,Medium,8.741106685405457,8.741106685405457
Seetawadi,Mumbai,28906,0.55,52556.36364,0.65,6,86.9,158,18,Low,High,Low,High,10.909090909090908,High,17.851266617919784,17.851266617919784
Janata Colony,Mumbai,26797,0.42,63802.38095,0.7,6,88.6,148,18,Medium,High,Medium,High,14.285714285714286,High,17.158137571600143,17.158137571600143
Kranti Nagar,Mumbai,26431,0.49,53940.81633,0.7,6,83.4,133,16,Medium,High,Low,High,12.244897959183673,High,15.798182326280605,15.798182326280605
Rup Nagar,Mumbai,27866,0.6,46443.33333,0.7,6,85.0,142,17,Medium,High,Low,High,10.0,High,16.320773400240203,16.320773400240203
Majas Wadi,Mumbai,30371,0.49,61981.63265,0.72,6,88.5,158,20,Medium,High,Medium,High,12.244897959183673,High,17.63350910226141,17.63350910226141
Morga Pada,Mumbai,29866,0.45,66368.88889,0.65,6,86.0,159,21,Low,High,Low,High,13.333333333333332,High,18.020684533253267,18.020684533253267
Natwar Nagar,Mumbai,25084,0.44,57009.09091,0.72,5,86.4,137,16,Medium,High,Low,High,11.363636363636363,High,15.43528018175267,15.43528018175267
Samarth Nagar,Mumbai,20845,0.8,26056.25,0.7,4,92.3,75,8,Medium,Low,High,Medium,5.0,Low,7.537066625,7.537066625
Namesingh Chawl,Mumbai,28828,0.41,70312.19512,0.7,6,84.2,164,18,Medium,High,Low,High,14.634146341463415,High,19.029266146482065,19.029266146482065
Oberoi Splendor,Mumbai,18947,0.62,30559.67742,0.62,4,91.5,36,3,Low,Medium,High,Low,6.451612903225807,Medium,3.360489903179317,3.360489903179317
Anand Nagar,Mumbai,26543,0.7,37918.57143,0.68,4,87.5,104,10,Low,Medium,Medium,Medium,5.714285714285714,Medium,10.662462599897056,10.662462599897056
Shankar Wadi,Mumbai,29836,0.57,52343.85965,0.65,7,84.5,170,20,Low,High,Low,High,12.280701754385966,High,19.98900708765609,19.98900708765609
Pratap Nagar,Mumbai,24345,0.67,36335.8209,0.7,5,91.4,103,10,Medium,Medium,High,Medium,7.462686567164178,Medium,11.04369686534899,11.04369686534899
Sunder Nagar,Mumbai,21418,0.73,29339.72603,0.68,4,92.4,74,7,Low,Medium,High,Medium,5.47945205479452,Medium,7.352115451867239,7.352115451867239
Jijamata Colony,Mumbai,26057,0.6,43428.33333,0.68,6,84.4,138,18,Low,High,Low,High,10.0,High,16.117386300240202,16.117386300240202
Kandivali,Mumbai,15908,0.86,18497.67442,0.72,2,89.1,62,6,Medium,Low,Medium,Medium,2.3255813953488373,Low,5.828541395248289,5.828541395248289
Dahanukarwadi,Mumbai,12318,0.45,27373.33333,0.68,2,89.1,33,3,Low,Low,Medium,Low,4.444444444444445,Low,2.7079651557957565,2.7079651557957565
BunderPakhadi (Koliwada),Mumbai,22005,0.53,41518.86792,0.58,4,82.5,109,14,Low,Medium,Low,Medium,7.547169811320754,Medium,12.04932162296782,12.04932162296782
Charkop,Mumbai,16492,0.63,26177.77778,0.68,2,87.0,57,6,Low,Low,Low,Low,3.1746031746031744,Low,5.193629587141456,5.193629587141456
Poisar,Mumbai,15389,0.77,19985.71429,0.65,2,89.8,57,6,Low,Low,Medium,Low,2.5974025974025974,Low,5.136927090600263,5.136927090600263
Hindustan Naka,Mumbai,16126,0.86,18751.16279,0.7,2,85.2,69,7,Medium,Low,Low,Medium,2.3255813953488373,Low,6.926327023306089,6.926327023306089
Mahavir Nagar,Mumbai,15350,0.66,23257.57576,0.68,2,86.1,56,5,Low,Low,Low,Low,3.0303030303030303,Low,5.310851696795008,5.310851696795008
Samta Nagar,Mumbai,12003,0.55,21823.63636,0.68,2,87.8,32,2,Low,Low,Medium,Low,3.6363636363636362,Low,2.7830934911711287,2.7830934911711287
Damu Nagar,Mumbai,24649,0.52,47401.92308,0.72,4,86.5,118,15,Medium,High,Low,High,7.692307692307692,Medium,12.487168499778278,12.487168499778278
Thakur complex,Mumbai,13953,0.65,21466.15385,0.72,2,88.5,53,5,Medium,Low,Medium,Low,3.0769230769230766,Low,4.945946184338232,4.945946184338232
Thakur village,Mumbai,24996,0.51,49011.76471,0.68,4,85.4,119,13,Low,High,Low,High,7.8431372549019605,Medium,12.604095215389558,12.604095215389558
Akurli road,Mumbai,3221,0.18,17894.44444,0.7,1,89.1,6,1,Medium,Low,Medium,Low,5.555555555555555,Medium,0.7881507780980462,0.7881507780980462
Janupada,Mumbai,24368,0.51,47780.39216,0.65,4,82.8,131,14,Low,High,Low,High,7.8431372549019605,Medium,14.25455592134256,14.25455592134256
Hanuman Nagar,Mumbai,13152,0.45,29226.66667,0.68,2,88.7,51,5,Low,Medium,Medium,Low,4.444444444444445,Low,4.654013955315356,4.654013955315356
Kranti Nagar,Mumbai,24220,0.42,57666.66667,0.7,6,83.2,118,15,Medium,High,Low,High,14.285714285714286,High,14.662077142616946,14.662077142616946
Laxmi Nagar,Mumbai,13126,0.41,32014.63415,0.68,2,89.6,36,3,Low,Medium,Medium,Low,4.878048780487805,Low,2.8448184387607567,2.8448184387607567
Dattani,Mumbai,13700,0.64,21406.25,0.68,2,87.3,52,5,Low,Low,Medium,Low,3.125,Low,4.923460125000001,4.923460125000001
Jivali Pada,Mumbai,20310,0.48,42312.5,0.62,4,82.9,102,12,Low,High,Low,Medium,8.333333333333334,Medium,11.514515916666667,11.514515916666667
Khar,Mumbai,18304,0.86,21283.72093,0.68,4,93.2,43,3,Low,Low,High,Low,4.651162790697675,Low,4.009038697691177,4.009038697691177
Pali Naka,Mumbai,21477,0.77,27892.20779,0.65,5,91.1,57,5,Low,Low,High,Low,6.4935064935064934,Medium,6.017591662496756,6.017591662496756
Khar Danda,Mumbai,23212,0.78,29758.97436,0.55,4,89.1,85,8,Low,Medium,Medium,Medium,5.128205128205128,Low,8.597737025567119,8.597737025567119
21st Road,Mumbai,3310,0.18,18388.88889,0.65,1,91.6,6,1,Low,Low,High,Low,5.555555555555555,Medium,0.48890111103104605,0.48890111103104605
18th Road,Mumbai,2855,0.19,15026.31579,0.65,1,87.0,5,1,Low,Low,Low,Low,5.2631578947368425,Low,0.9004689473304962,0.9004689473304962
16th Road,Mumbai,3365,0.19,17710.52632,0.65,1,89.6,6,1,Low,Low,Medium,Low,5.2631578947368425,Low,0.5944447365386968,0.5944447365386968
14th Road,Mumbai,2681,0.18,14894.44444,0.65,1,92.8,5,1,Low,Low,High,Low,5.555555555555555,Medium,0.5227107780980461,0.5227107780980461
Ambedkar Road,Mumbai,3245,0.2,16225.0,0.7,1,89.5,6,1,Medium,Low,Medium,Low,5.0,Low,0.6507065,0.6507065
Malad,Mumbai,24974,0.74,33748.64865,0.73,5,91.8,113,11,Medium,Medium,High,High,6.756756756756757,Medium,12.075710864767487,12.075710864767487
Dindoshi,Mumbai,21326,0.68,31361.76471,0.65,4,89.3,90,8,Low,Medium,Medium,Medium,5.88235294117647,Medium,9.42771947029152,9.42771947029152
Sunder Nagar,Mumbai,23106,0.69,33486.95652,0.68,4,92.0,87,8,Low,Medium,High,Medium,5.797101449275363,Medium,8.692338724763001,8.692338724763001
Pathanwadi,Mumbai,30431,0.52,58521.15385,0.73,6,84.5,165,21,Medium,High,Low,High,11.538461538461538,High,18.751802268953618,18.751802268953618
Rani Sati Marg,Mumbai,3356,0.2,16780.0,0.7,1,88.3,6,1,Medium,Low,Medium,Low,5.0,Low,0.7151131999999999,0.7151131999999999
Malvani,Mumbai,24619,0.41,60046.34146,0.72,5,83.6,141,17,Medium,High,Low,High,12.195121951219512,High,16.248091073416795,16.248091073416795
Orlem,Mumbai,24533,0.61,40218.03279,0.68,5,91.1,95,9,Low,Medium,High,Medium,8.19672131147541,Medium,10.15736481944768,10.15736481944768
Ambujwadi,Mumbai,24684,0.47,52519.14894,0.72,5,85.7,128,17,Medium,High,Low,High,10.638297872340425,High,14.506247063553813,14.506247063553813
Evershine Nagar,Mumbai,22822,0.79,28888.60759,0.68,5,91.1,50,4,Low,Medium,High,Low,6.329113924050633,Medium,5.112292354786121,5.112292354786121
Liliya Nagar,Mumbai,29345,0.53,55367.92453,0.68,7,83.5,142,19,Low,High,Low,High,13.20754716981132,High,17.076908037613485,17.076908037613485
Jankalyan Nagar,Mumbai,21864,0.66,33127.27273,0.68,4,91.7,75,8,Low,Medium,High,Medium,6.0606060606060606,Medium,7.486901939197414,7.486901939197414
Santacruz,Mumbai,27719,0.65,42644.61538,0.72,5,91.8,114,12,Medium,High,High,High,7.692307692307692,Medium,11.914480092640277,11.914480092640277
Kalina,Mumbai,26917,0.77,34957.14286,0.68,5,91.5,93,9,Low,Medium,High,Medium,6.4935064935064934,Medium,9.590964441352554,9.590964441352554
Vakola,Mumbai,23484,0.66,35581.81818,0.73,4,92.6,90,10,Medium,Medium,High,Medium,6.0606060606060606,Medium,8.981847394070416,8.981847394070416
Prabhat colony,Mumbai,22490,0.6,37483.33333,0.68,4,93.0,83,9,Low,Medium,High,Medium,6.666666666666667,Medium,8.211916333573534,8.211916333573534
Anand Nagar,Mumbai,26963,0.81,33287.65432,0.68,4,89.2,103,10,Low,Medium,Medium,Medium,4.938271604938271,Low,10.42325202476253,10.42325202476253
Agripada,Mumbai,26482,0.43,61586.04651,0.82,6,83.6,148,18,High,High,Low,High,13.953488372093023,High,17.73021237221033,17.73021237221033
New Agripada,Mumbai,26985,0.48,56218.75,0.78,6,87.7,154,18,Medium,High,Medium,High,12.5,High,17.821698875000003,17.821698875000003
Chaitanya Nagar,Mumbai,26326,0.69,38153.62319,0.7,4,92.6,104,10,Medium,Medium,High,Medium,5.797101449275363,Medium,10.253506724522806,10.253506724522806
Davri Nagar,Mumbai,30264,0.47,64391.48936,0.7,7,85.9,155,19,Medium,High,Low,High,14.893617021276597,High,18.389737787356697,18.389737787356697
Shivaji Nagar,Mumbai,26525,0.51,52009.80392,0.75,6,83.5,148,17,Medium,High,Low,High,11.76470588235294,High,17.486050000113035,17.486050000113035
Vakola Pipeline,Mumbai,25437,0.53,47994.33962,0.72,5,86.4,129,14,Medium,High,Low,High,9.433962264150942,High,14.401704943586573,14.401704943586573
Yashwant Nagar,Mumbai,27081,0.64,42314.0625,0.68,5,92.3,104,12,Low,High,High,Medium,7.8125,Medium,10.770136906250002,10.770136906250002
Khira Nagar,Mumbai,24040,0.82,29317.07317,0.67,4,92.4,92,9,Low,Medium,High,Medium,4.878048780487805,Low,9.147980682979556,9.147980682979556
Juhu Koliwada,Mumbai,21216,0.7,30308.57143,0.58,4,90.9,82,8,Low,Medium,High,Medium,5.714285714285714,Medium,8.323599199897059,8.323599199897059
Pothohar Nagar,Mumbai,27666,0.79,35020.25316,0.67,5,92.0,115,10,Low,Medium,High,High,6.329113924050633,Medium,11.966921975011921,11.966921975011921
Gazdhar Bandh,Mumbai,26923,0.75,35897.33333,0.65,5,91.3,105,10,Low,Medium,High,Medium,6.666666666666667,Medium,10.945631493573536,10.945631493573536
Vile Parle,Mumbai,21407,0.63,33979.36508,0.7,4,88.1,82,8,Medium,Medium,Medium,Medium,6.349206349206349,Medium,8.66816346027171,8.66816346027171
Irla,Mumbai,21642,0.64,33815.625,0.67,4,92.7,74,7,Low,Medium,High,Medium,6.25,Medium,7.303479062499998,7.303479062499998
Nehru Nagar,Mumbai,24184,0.59,40989.83051,0.82,4,92.2,101,10,High,Medium,High,Medium,6.779661016949153,Medium,10.248118779551099,10.248118779551099
Juhu,Mumbai,19374,0.64,30271.875,0.52,4,93.8,41,3,Low,Medium,High,Low,6.25,Medium,3.5759816875000006,3.5759816875000006
Eastern suburbs,Mumbai,23504,0.58,40524.13793,0.75,4,89.2,109,10,Medium,Medium,Medium,Medium,6.8965517241379315,Medium,11.433816827660754,11.433816827660754
Bhandup,Mumbai,25681,0.72,35668.05556,0.72,4,90.1,109,11,Medium,Medium,Medium,Medium,5.555555555555555,Medium,11.139632360790845,11.139632360790845
Bhattipada Road,Mumbai,2778,0.16,17362.5,0.68,1,89.3,5,1,Low,Low,Medium,Low,6.25,Medium,0.955715250000001,0.955715250000001
Shivaji Talav,Mumbai,24224,0.77,31459.74026,0.65,4,86.6,88,9,Low,Medium,Low,Medium,5.194805194805195,Low,9.152446441539727,9.152446441539727
Hanuman Nagar,Mumbai,20216,0.78,25917.94872,0.68,3,87.5,76,8,Low,Low,Medium,Medium,3.846153846153846,Low,7.596746153698341,7.596746153698341
Pratap Nagar,Mumbai,19464,0.78,24953.84615,0.7,4,88.8,84,7,Medium,Low,Medium,Medium,5.128205128205128,Low,8.99485456437972,8.99485456437972
Maharashtra Nagar,Mumbai,25877,0.59,43859.32203,0.72,6,80.9,138,17,Medium,High,Low,High,10.16949152542373,High,16.495742203670748,16.495742203670748
Jamil Nagar,Mumbai,32279,0.44,73361.36364,0.72,8,85.8,197,24,Medium,High,Low,High,18.181818181818183,High,23.861271772465244,23.861271772465244
Kokan Nagar,Mumbai,19876,0.66,30115.15152,0.68,3,87.3,84,7,Low,Medium,Medium,Medium,4.545454545454545,Low,8.50112509055971,8.50112509055971
Jamin Nagar,Mumbai,34263,0.5,68526.0,0.68,8,84.2,208,22,Low,High,Low,High,16.0,High,24.68604844,24.68604844
Utkarsh Nagar,Mumbai,32043,0.42,76292.85714,0.7,7,87.0,186,21,Medium,High,Low,High,16.666666666666668,High,21.669550047824934,21.669550047824934
Samarth Nagar,Mumbai,19578,0.75,26104.0,0.7,4,89.5,67,7,Medium,Low,Medium,Medium,5.333333333333333,Medium,7.0021924266666655,7.0021924266666655
Tulshet Pada,Mumbai,28663,0.41,69909.7561,0.65,7,83.5,166,18,Low,High,Low,High,17.073170731707318,High,20.27902639006815,20.27902639006815
Sonapur,Mumbai,34320,0.59,58169.49153,0.65,8,83.2,176,23,Low,High,Low,High,13.559322033898306,High,20.877022372551593,20.877022372551593
Sahyadri Nagar,Mumbai,23605,0.83,28439.75904,0.62,4,87.0,84,8,Low,Low,Low,Medium,4.819277108433735,Low,8.702494867192058,8.702494867192058
Sarvoday Nagar,Mumbai,19491,0.78,24988.46154,0.65,3,88.0,68,8,Low,Low,Medium,Medium,3.846153846153846,Low,6.683752999889139,6.683752999889139
Ghatkopar,Mumbai,23603,0.83,28437.3494,0.82,4,88.6,137,16,High,Low,Medium,High,4.819277108433735,Low,14.768748505850457,14.768748505850457
Amrut Nagar,Mumbai,21714,0.74,29343.24324,0.78,4,86.3,111,14,Medium,Medium,Low,High,5.405405405405405,Medium,12.148287081314791,12.148287081314791
Asalfa,Mumbai,21640,0.72,30055.55556,0.75,4,88.4,78,8,Medium,Medium,Medium,Medium,5.555555555555555,Medium,8.198041110790847,8.198041110790847
Garodia Nagar,Mumbai,20959,0.82,25559.7561,0.75,3,89.7,80,8,Medium,Low,Medium,Medium,3.658536585365854,Low,7.8748347071413205,7.8748347071413205
Jagdusha Nagar,Mumbai,25079,0.68,36880.88235,0.75,4,89.8,107,10,Medium,Medium,Medium,Medium,5.88235294117647,Medium,11.009951853153119,11.009951853153119
Pant Nagar,Mumbai,21374,0.58,36851.72414,0.8,3,85.5,90,9,High,Medium,Low,Medium,5.172413793103448,Low,9.216174413644017,9.216174413644017
Barve Nagar,Mumbai,25271,0.74,34150.0,0.75,4,85.5,98,11,Medium,Medium,Low,Medium,5.405405405405405,Medium,10.367040189189192,10.367040189189192
Kurla,Mumbai,26749,0.56,47766.07143,0.88,6,86.5,178,20,High,High,Low,High,10.714285714285714,High,20.637231749897058,20.637231749897058
Nehru Nagar,Mumbai,30464,0.52,58584.61538,0.82,6,89.5,118,12,High,High,Medium,High,11.538461538461538,High,13.05604523110182,13.05604523110182
Kasaiwada,Mumbai,30231,0.55,54965.45455,0.83,6,85.1,200,21,High,High,Low,High,10.909090909090908,High,22.77149952694518,22.77149952694518
Quresh Nagar,Mumbai,29549,0.54,54720.37037,0.85,7,81.2,185,22,High,High,Low,High,12.962962962962962,High,22.26712714817484,22.26712714817484
Tashilanagar,Mumbai,27137,0.59,45994.91525,0.83,6,84.5,147,18,High,High,Low,High,10.16949152542373,High,17.152515356237544,17.152515356237544
Umerwadi,Mumbai,26877,0.43,62504.65116,0.82,6,80.8,144,16,High,High,Low,High,13.953488372093023,High,17.45321772113133,17.45321772113133
Ali dada estate,Mumbai,33554,0.57,58866.66667,0.8,7,85.9,184,24,High,High,Low,High,12.280701754385966,High,21.125933613794885,21.125933613794885
Takiya wad,Mumbai,28225,0.51,55343.13725,0.82,6,82.3,149,19,High,High,Low,High,11.76470588235294,High,17.528418000353238,17.528418000353238
Machi market,Mumbai,31428,0.54,58200.0,0.83,7,84.5,168,19,High,High,Low,High,12.962962962962962,High,19.779637037037045,19.779637037037045
Kapadia nagar,Mumbai,25755,0.41,62817.07317,0.8,6,83.8,139,17,High,High,Low,High,14.634146341463415,High,16.856404634199073,16.856404634199073
Khadi,Mumbai,29249,0.53,55186.79245,0.8,7,82.4,171,19,High,High,Low,High,13.20754716981132,High,20.590748415298286,20.590748415298286
Court,Mumbai,22285,0.79,28208.86076,0.82,3,87.0,104,10,High,Low,Low,Medium,3.7974683544303796,Low,10.765561544267312,10.765561544267312
Taximen colony,Mumbai,29456,0.5,58912.0,0.78,7,86.6,170,20,Medium,High,Low,High,14.0,High,20.142873280000003,20.142873280000003
Halav pool,Mumbai,32107,0.57,56328.07018,0.8,8,86.0,176,24,High,High,Low,High,14.035087719298247,High,21.09539996458359,21.09539996458359
Makad wali chawal,Mumbai,28372,0.49,57902.04082,0.82,7,84.4,160,19,High,High,Low,High,14.285714285714286,High,19.422604081367943,19.422604081367943
MIG,Mumbai,21621,0.73,29617.80822,0.78,4,89.3,86,8,Medium,Medium,Medium,Medium,5.47945205479452,Medium,9.057216849255843,9.057216849255843
LIG,Mumbai,22922,0.65,35264.61538,0.78,4,88.6,97,8,Medium,Medium,Medium,Medium,6.153846153846153,Medium,10.231442277255667,10.231442277255667
Bachan tabela,Mumbai,28276,0.4,70690.0,0.8,7,85.1,157,21,High,High,Low,High,17.5,High,19.3708486,19.3708486
Pipe road,Mumbai,28676,0.41,69941.46341,0.8,7,83.7,153,18,High,High,Low,High,17.073170731707318,High,18.920901561309545,18.920901561309545
Buddha Colony,Mumbai,30330,0.57,53210.52632,0.78,6,84.2,161,20,Medium,High,Low,High,10.526315789473685,High,18.34613199969659,18.34613199969659
Ambedkar Nagar,Mumbai,28793,0.48,59985.41667,0.78,6,80.9,165,18,Medium,High,Low,High,12.5,High,19.3914728747598,19.3914728747598
Sambhaji chowk,Mumbai,22428,0.77,29127.27273,0.82,3,88.2,94,10,High,Medium,Medium,Medium,3.896103896103896,Low,9.498563220582694,9.498563220582694
Machis factory,Mumbai,14281,0.48,29752.08333,0.8,2,86.3,51,6,High,Medium,Low,Low,4.166666666666667,Low,4.824168208573535,4.824168208573535
Bharti Nagar,Mumbai,27291,0.5,54582.0,0.78,7,81.2,141,18,Medium,High,Low,High,14.0,High,17.63029308,17.63029308
New mill road,Mumbai,12401,0.49,25308.16327,0.8,2,88.7,45,5,High,Low,Medium,Low,4.081632653061225,Low,4.219872938437269,4.219872938437269
Mubarak complex,Mumbai,26962,0.6,44936.66667,0.78,6,85.1,132,18,Medium,High,Low,High,10.0,High,15.358435799759798,15.358435799759798
Vinobha bhave,Mumbai,30291,0.54,56094.44444,0.78,7,84.7,168,21,Medium,High,Low,High,12.962962962962962,High,19.86784337069064,19.86784337069064
Kohinoor City,Mumbai,25624,0.72,35588.88889,0.8,4,86.2,118,11,High,Medium,Low,High,5.555555555555555,Medium,12.580829111031045,12.580829111031045
Christian Gaon,Mumbai,22229,0.83,26781.92771,0.75,4,86.1,84,8,Medium,Low,Low,Medium,4.819277108433735,Low,9.02017019283186,9.02017019283186
Jagruti Nagar,Mumbai,30751,0.43,71513.95349,0.75,6,82.7,187,20,Medium,High,Low,High,13.953488372093023,High,21.458939395231532,21.458939395231532
9 number,Mumbai,31626,0.41,77136.58537,0.78,8,83.8,187,21,Medium,High,Low,High,19.51219512195122,High,23.21645356067683,23.21645356067683
Rajiv Gandhi Nagar,Mumbai,26862,0.54,49744.44444,0.82,6,84.5,157,17,High,High,Low,High,11.11111111111111,High,18.386972222542486,18.386972222542486
Lal Taki,Mumbai,32122,0.41,78346.34146,0.8,8,81.8,192,22,High,High,Low,High,19.51219512195122,High,23.88972653683143,23.88972653683143
Charbi Gali,Mumbai,30229,0.46,65715.21739,0.82,8,86.9,171,19,High,High,Low,High,17.391304347826086,High,21.137959869659213,21.137959869659213
Kamela,Mumbai,32447,0.54,60087.03704,0.8,7,80.4,198,21,High,High,Low,High,12.962962962962962,High,23.38068514793464,23.38068514793464
Taxi Stand,Mumbai,27718,0.51,54349.01961,0.8,7,86.4,155,20,High,High,Low,High,13.72549019607843,High,18.693368862589676,18.693368862589676
Diamond,Mumbai,20432,0.76,26884.21053,0.78,3,86.9,84,9,Medium,Low,Low,Medium,3.9473684210526314,Low,8.620974736576624,8.620974736576624
Galaxy,Mumbai,20877,0.59,35384.74576,0.78,3,85.7,84,8,Medium,Medium,Low,Medium,5.084745762711865,Low,8.569255695110673,8.569255695110673
Bail Bazar,Mumbai,34091,0.56,60876.78571,0.82,8,82.0,211,23,High,High,Low,High,14.285714285714285,High,25.21064396459454,25.21064396459454
Kaju Pada,Mumbai,29481,0.45,65513.33333,0.8,7,82.9,152,19,High,High,Low,High,15.555555555555555,High,18.586973644684647,18.586973644684647
Ghafoor Khan Estate,Mumbai,31765,0.43,73872.09302,0.8,7,84.7,186,20,High,High,Low,High,16.27906976744186,High,21.98078767465322,21.98078767465322
Kurla Depot,Mumbai,12616,0.53,23803.77358,0.78,2,83.8,52,6,Medium,Low,Low,Low,3.773584905660377,Low,5.40771169846671,5.40771169846671
Patel Wadi,Mumbai,32436,0.4,81090.0,0.78,8,84.6,182,24,Medium,High,Low,High,20.0,High,22.489726599999997,22.489726599999997
Teacher's Colony,Mumbai,24942,0.69,36147.82609,0.75,4,90.7,87,9,Medium,Medium,High,Medium,5.797101449275363,Medium,8.678264463548803,8.678264463548803
Dhobi Ghat,Mumbai,33671,0.42,80169.04762,0.8,8,83.7,186,22,High,High,Low,High,19.047619047619047,High,22.725047952312323,22.725047952312323
New Hall Road,Mumbai,33719,0.44,76634.09091,0.78,7,82.9,184,23,Medium,High,Low,High,15.909090909090908,High,21.544237590843586,21.544237590843586
Kamaani,Mumbai,12113,0.5,24226.0,0.78,2,84.6,46,5,Medium,Low,Low,Low,4.0,Low,4.716946440000002,4.716946440000002
Jari Mari,Mumbai,25583,0.51,50162.7451,0.82,6,82.7,138,16,High,High,Low,High,11.76470588235294,High,16.617317058682236,16.617317058682236
Achanak Nagar,Mumbai,30389,0.5,60778.0,0.8,7,82.4,161,21,High,High,Low,High,14.0,High,19.369857319999998,19.369857319999998
Imam Ahmed Raza Marg,Mumbai,2651,0.17,15594.11765,0.8,1,88.4,5,1,High,Low,Medium,Low,5.88235294117647,Medium,1.1245961174351184,1.1245961174351184
Huzoor Tajushsharia Chowk,Mumbai,32616,0.51,63952.94118,0.8,8,83.5,183,21,High,High,Low,High,15.686274509803921,High,22.221273019353514,22.221273019353514
Father Peter Pereira Chowk,Mumbai,32942,0.5,65884.0,0.78,7,85.5,180,22,Medium,High,Low,High,14.0,High,20.872170960000002,20.872170960000002
"""L"" Ward",Mumbai,21214,0.63,33673.01587,0.82,4,85.8,87,8,High,Medium,Low,Medium,6.349206349206349,Medium,9.56902698434431,9.56902698434431
Mulund,Mumbai,21069,0.76,27722.36842,0.68,4,85.4,80,8,Low,Low,Low,Medium,5.2631578947368425,Low,8.672463394812695,8.672463394812695
Bombay Colony,Mumbai,19834,0.65,30513.84615,0.62,3,90.7,68,7,Low,Medium,High,Medium,4.615384615384615,Low,6.331714092584846,6.331714092584846
Paach Rasta,Mumbai,21129,0.59,35811.86441,0.65,4,90.6,80,8,Low,Medium,Medium,Medium,6.779661016949153,Medium,8.218035016717096,8.218035016717096
Xavier Street,Mumbai,19937,0.6,33228.33333,0.65,3,89.4,74,7,Low,Medium,Medium,Medium,5.0,Low,7.112826300240199,7.112826300240199
Nahur,Mumbai,22203,0.71,31271.83099,0.68,4,85.4,83,8,Low,Medium,Low,Medium,5.633802816901409,Medium,8.906228929283133,8.906228929283133
Mulund Runwals,Mumbai,24907,0.58,42943.10345,0.65,5,89.3,98,10,Low,High,Medium,Medium,8.620689655172415,Medium,10.600862724013693,10.600862724013693
Powai,Mumbai,19455,0.71,27401.40845,0.6,4,87.7,40,4,Low,Low,Medium,Low,5.633802816901409,Medium,4.026439577515537,4.026439577515537
Chandivali,Mumbai,22536,0.59,38196.61017,0.62,4,89.6,79,9,Low,Medium,Medium,Medium,6.779661016949153,Medium,7.9919182372514985,7.9919182372514985
Hiranandani Gardens,Mumbai,24474,0.69,35469.56522,0.55,4,89.3,54,5,Low,Medium,Medium,Low,5.797101449275363,Medium,4.915659941841005,4.915659941841005
Indian Institute of Technology Bombay campus,Mumbai,4368,0.54,8088.888889,0.28,1,78.3,5,1,Low,Low,Low,Low,1.8518518518518516,Low,0.4470348148068088,0.4470348148068088
BSNL Colony,Mumbai,19344,0.66,29309.09091,0.58,3,90.9,68,7,Low,Medium,High,Medium,4.545454545454545,Low,6.336169818116308,6.336169818116308
Passpoli,Mumbai,25314,0.57,44410.52632,0.55,4,90.3,89,10,Low,High,Medium,Medium,7.017543859649123,Medium,8.650137824257994,8.650137824257994
Mhada Colony 19,Mumbai,23380,0.68,34382.35294,0.6,4,90.5,83,8,Low,Medium,Medium,Medium,5.88235294117647,Medium,8.264335882437717,8.264335882437717
Morarji Nagar,Mumbai,21564,0.75,28752.0,0.62,4,86.7,78,8,Low,Medium,Low,Medium,5.333333333333333,Medium,8.230785546666667,8.230785546666667
Nitie,Mumbai,20239,0.71,28505.6338,0.52,4,89.6,35,3,Low,Low,Medium,Low,5.633802816901409,Medium,3.1397770987945366,3.1397770987945366
Chandshah Wali Dargah,Mumbai,25704,0.46,55878.26087,0.58,6,80.2,138,16,Low,High,Low,High,13.043478260869565,High,16.714752347794757,16.714752347794757
Nitie,Mumbai,20703,0.66,31368.18182,0.52,3,85.2,37,3,Low,Medium,Low,Low,4.545454545454545,Low,3.106747727141709,3.106747727141709
Vidyavihar,Mumbai,24479,0.68,35998.52941,0.78,4,87.4,92,10,Medium,Medium,Medium,Medium,5.88235294117647,Medium,9.606006206009518,9.606006206009518
Rajawadi,Mumbai,19718,0.57,34592.98246,0.75,3,89.6,72,7,Medium,Medium,Medium,Medium,5.2631578947368425,Low,6.967734947090294,6.967734947090294
Pipeline Road,Mumbai,21743,0.63,34512.69841,0.72,4,86.7,85,7,Medium,Medium,Low,Medium,6.349206349206349,Medium,9.110779460511909,9.110779460511909
Kirol,Mumbai,20983,0.79,26560.75949,0.7,3,90.3,75,8,Medium,Low,Medium,Medium,3.7974683544303796,Low,7.192135721783511,7.192135721783511
Khalai,Mumbai,28385,0.46,61706.52174,0.68,7,80.2,136,18,Low,High,Low,High,15.217391304347826,High,17.032199173850383,17.032199173850383
Vikhroli,Mumbai,10853,0.59,18394.91525,0.75,2,87.9,44,4,Medium,Low,Medium,Low,3.3898305084745766,Low,4.35030139013585,4.35030139013585
Kanjur Marg,Mumbai,22370,0.83,26951.80723,0.72,4,86.2,95,8,Medium,Low,Low,Medium,4.819277108433735,Low,10.221156674620655,10.221156674620655
Gandhi Nagar,Mumbai,21837,0.6,36395.0,0.75,4,91.4,93,8,Medium,Medium,High,Medium,6.666666666666667,Medium,9.630109633333335,9.630109633333335
Surya Nagar,Mumbai,21060,0.76,27710.52632,0.72,3,86.5,76,7,Medium,Low,Low,Medium,3.9473684210526314,Low,7.632086420749224,7.632086420749224
Kannamwar Nagar,Mumbai,22784,0.6,37973.33333,0.72,4,87.3,85,9,Medium,Medium,Medium,Medium,6.666666666666667,Medium,8.936602933573536,8.936602933573536
Tagore Nagar,Mumbai,24732,0.59,41918.64407,0.72,4,90.9,86,9,Medium,Medium,High,Medium,6.779661016949153,Medium,8.498048474417498,8.498048474417498
Park Site,Mumbai,23091,0.8,28863.75,0.68,4,86.8,85,9,Low,Medium,Low,Medium,5.0,Low,8.930810174999998,8.930810174999998
Godrej Station Colony,Mumbai,22261,0.8,27826.25,0.65,3,86.0,57,5,Low,Low,Low,Low,3.75,Low,5.365075425000001,5.365075425000001
Godrej Hillside Colony,Mumbai,4554,0.42,10842.85714,0.55,1,82.9,9,1,Low,Low,Low,Low,2.380952380952381,Low,0.7641599049677904,0.7641599049677904
Godrej Creek,Mumbai,3645,0.58,6284.482759,0.45,1,84.3,6,1,Low,Low,Low,Low,1.7241379310344829,Low,0.27421672411059894,0.27421672411059894
Central suburbs,Mumbai,21454,0.63,34053.96825,0.75,4,89.3,89,8,Medium,Medium,Medium,Medium,6.349206349206349,Medium,9.39970755584151,9.39970755584151
Chembur,Mumbai,22194,0.8,27742.5,0.78,3,88.2,86,8,Medium,Low,Medium,Medium,3.75,Low,8.594022449999999,8.594022449999999
Chembur Causeway,Mumbai,20526,0.6,34210.0,0.75,3,86.5,79,7,Medium,Medium,Low,Medium,5.0,Low,7.9546274,7.9546274
Union Park,Mumbai,20064,0.65,30867.69231,0.72,3,87.4,51,4,Medium,Medium,Medium,Low,4.615384615384615,Low,4.754355938295246,4.754355938295246
Aloysius Soares Road,Mumbai,3166,0.18,17588.88889,0.72,1,89.2,6,1,Medium,Low,Medium,Low,5.555555555555555,Medium,0.8199171110310454,0.8199171110310454
Central Avenue,Mumbai,20170,0.78,25858.97436,0.73,3,85.9,73,7,Medium,Low,Low,Medium,3.846153846153846,Low,7.445515846079939,7.445515846079939
St Anthony's Road,Mumbai,3037,0.21,14461.90476,0.7,1,88.7,6,1,Medium,Low,Medium,Low,4.761904761904762,Low,0.7518075239467811,0.7518075239467811
St Gregorious Path,Mumbai,3151,0.22,14322.72727,0.7,1,90.8,6,1,Medium,Low,High,Low,4.545454545454546,Low,0.4922751820147099,0.4922751820147099
Golf Club Road,Mumbai,2558,0.2,12790.0,0.65,1,88.1,5,1,Low,Low,Medium,Low,5.0,Low,0.8603126000000021,0.8603126000000021
St Sebastian's Marouli village,Mumbai,22287,0.7,31838.57143,0.65,4,89.1,80,8,Low,Medium,Medium,Medium,5.714285714285714,Medium,8.207315399897059,8.207315399897059
Pestom sagar,Mumbai,20886,0.83,25163.85542,0.72,3,87.4,79,7,Medium,Low,Medium,Medium,3.6144578313253013,Low,7.944502506145644,7.944502506145644
Basant Park,Mumbai,25153,0.59,42632.20339,0.68,4,85.9,92,9,Low,High,Low,Medium,6.779661016949153,Medium,9.526333389818292,9.526333389818292
Diamond Garden,Mumbai,24518,0.63,38917.46032,0.68,5,86.3,95,8,Low,Medium,Low,Medium,7.936507936507937,Medium,10.564260444261436,10.564260444261436
Chedda Nagar,Mumbai,34412,0.45,76471.11111,0.72,7,84.8,191,22,Medium,High,Low,High,15.555555555555555,High,21.988664177857846,21.988664177857846
Indian Oil Nagar,Mumbai,13473,0.42,32078.57143,0.75,2,87.6,55,5,Medium,Medium,Medium,Low,4.761904761904762,Low,5.190570523706581,5.190570523706581
St Francis of Assisi Nagar,Mumbai,20191,0.7,28844.28571,0.68,3,87.0,77,7,Low,Medium,Low,Medium,4.285714285714286,Low,7.719369914594545,7.719369914594545
Swastik Park,Mumbai,19680,0.71,27718.30986,0.68,3,85.4,71,7,Low,Low,Low,Medium,4.225352112676057,Low,7.2338843943053,7.2338843943053
Maitri Park,Mumbai,22235,0.57,39008.77193,0.65,4,88.8,86,8,Low,Medium,Medium,Medium,7.017543859649123,Medium,8.921328245601392,8.921328245601392
Atur Park,Mumbai,19261,0.82,23489.02439,0.65,3,90.9,71,7,Low,Low,High,Medium,3.658536585365854,Low,6.805011634163919,6.805011634163919
Sindhi Society,Mumbai,23829,0.67,35565.67164,0.7,4,86.5,83,8,Medium,Medium,Low,Medium,5.970149253731343,Medium,8.654538597143988,8.654538597143988
Punjabwadi,Mumbai,21655,0.81,26734.5679,0.72,4,90.7,83,7,Medium,Low,High,Medium,4.938271604938271,Low,8.529863432187732,8.529863432187732
Chembur Camp,Mumbai,23906,0.7,34151.42857,0.75,4,86.1,91,9,Medium,Medium,Low,Medium,5.714285714285714,Medium,9.643490914388659,9.643490914388659
Ghatla village,Mumbai,21328,0.78,27343.58974,0.7,4,85.5,81,8,Medium,Low,Low,Medium,5.128205128205128,Low,8.768949641284319,8.768949641284319
Borla village,Mumbai,20876,0.84,24852.38095,0.65,4,86.3,81,8,Low,Low,Low,Medium,4.761904761904762,Low,8.685749809695382,8.685749809695382
Deonar Farm Road,Mumbai,3161,0.21,15052.38095,0.6,1,89.6,6,1,Low,Low,Medium,Low,4.761904761904762,Low,0.5387178096953822,0.5387178096953822
Subhash Nagar,Mumbai,26238,0.43,61018.60465,0.73,5,92.8,136,15,Medium,High,High,High,11.627906976744185,High,14.591230418688442,14.591230418688442
Sion Trombay Road,Mumbai,2645,0.16,16531.25,0.75,1,93.0,5,1,Medium,Low,High,Low,6.25,Medium,0.7582831250000006,0.7582831250000006
Wadavali village,Mumbai,27186,0.49,55481.63265,0.65,6,86.1,130,18,Low,High,Low,High,12.244897959183673,High,15.065331102261414,15.065331102261414
Maravali,Mumbai,26337,0.52,50648.07692,0.65,6,81.9,132,17,Low,High,Low,High,11.538461538461538,High,15.722744192529415,15.722744192529415
Julianwadi,Mumbai,26262,0.58,45279.31034,0.65,7,84.4,143,17,Low,High,Low,High,12.06896551724138,High,17.354608758968567,17.354608758968567
P L Lokhande Marg,Mumbai,2892,0.17,17011.76471,0.72,1,90.4,6,1,Medium,Low,Medium,Low,5.88235294117647,Medium,0.8882484702915169,0.8882484702915169
Thakkar Bappa Colony,Mumbai,29289,0.5,58578.0,0.75,7,81.0,159,19,Medium,High,Low,High,14.0,High,19.376869320000004,19.376869320000004
Suman Nagar,Mumbai,23030,0.61,37754.09836,0.7,4,87.7,85,8,Medium,Medium,Medium,Medium,6.557377049180328,Medium,8.855295082014468,8.855295082014468
Postal Colony,Mumbai,23207,0.79,29375.94937,0.68,4,89.1,87,9,Low,Medium,Medium,Medium,5.063291139240506,Low,8.946399822575014,8.946399822575014
Shell Colony,Mumbai,14278,0.43,33204.65116,0.68,2,86.6,49,6,Low,Medium,Low,Low,4.651162790697675,Low,4.405816465317378,4.405816465317378
Sahakar Nagar,Mumbai,25521,0.83,30748.19277,0.7,4,88.7,92,9,Medium,Medium,Medium,Medium,4.819277108433735,Low,9.370841132608259,9.370841132608259
Tilak Nagar,Mumbai,20669,0.67,30849.25373,0.78,4,87.9,79,9,Medium,Medium,Medium,Medium,5.970149253731343,Medium,8.491995671738588,8.491995671738588
New Tilak Nagar,Mumbai,23019,0.71,32421.12676,0.75,4,90.4,84,8,Medium,Medium,Medium,Medium,5.633802816901409,Medium,8.56657867609694,8.56657867609694
Mahul,Mumbai,13281,0.49,27104.08163,0.78,2,83.7,66,7,Medium,Low,Low,Medium,4.081632653061225,Low,6.892611061415668,6.892611061415668
Vashinaka,Mumbai,29182,0.5,58364.0,0.75,7,82.7,156,18,Medium,High,Low,High,14.0,High,18.90359016,18.90359016
Mahul Village,Mumbai,13584,0.41,33131.70732,0.72,2,84.9,69,8,Medium,Medium,Low,Medium,4.878048780487805,Low,6.958918146130555,6.958918146130555
Panjarpol,Mumbai,25225,0.75,33633.33333,0.68,4,86.2,86,10,Low,Medium,Low,Medium,5.333333333333333,Medium,8.886680666906866,8.886680666906866
Siddharth Colony,Mumbai,30332,0.53,57230.18868,0.7,8,80.9,177,21,Medium,High,Low,High,15.094339622641508,High,21.92053109428524,21.92053109428524
Ramakrishna Chemburkar Marg,Mumbai,3132,0.16,19575.0,0.72,1,89.6,5,1,Medium,Low,Medium,Low,6.25,Medium,0.8070785000000013,0.8070785000000013
Bhakti Park,Mumbai,25529,0.68,37542.64706,0.65,4,89.5,98,10,Low,Medium,Medium,Medium,5.88235294117647,Medium,9.873725088150517,9.873725088150517
RCF,Mumbai,12801,0.52,24617.30769,0.78,2,83.7,46,5,Medium,Low,Low,Low,3.846153846153846,Low,4.7053103463201404,4.7053103463201404
Mysore Colony,Mumbai,22403,0.66,33943.93939,0.7,4,86.1,83,9,Medium,Medium,Low,Medium,6.0606060606060606,Medium,8.842500939677814,8.842500939677814
Collector Colony,Mumbai,19819,0.82,24169.5122,0.68,4,89.6,77,7,Low,Low,Medium,Medium,4.878048780487805,Low,8.067737926477758,8.067737926477758
Anushakti Nagar,Mumbai,22285,0.69,32297.10145,0.72,4,87.1,76,8,Medium,Medium,Low,Medium,5.797101449275363,Medium,7.991675681107207,7.991675681107207
Vishnu Nagar,Mumbai,24484,0.59,41498.30508,0.7,5,90.7,93,8,Medium,Medium,High,Medium,8.474576271186441,Medium,10.00265959356232,10.00265959356232
HP nagar,Mumbai,14314,0.45,31808.88889,0.75,2,83.2,55,5,Medium,Medium,Low,Low,4.444444444444445,Low,5.465407022142156,5.465407022142156
BPCL,Mumbai,11494,0.48,23945.83333,0.78,2,86.6,43,4,Medium,Low,Low,Low,4.166666666666667,Low,4.289218583573533,4.289218583573533
Deonar,Mumbai,31026,0.44,70513.63636,0.78,7,83.6,194,21,Medium,High,Low,High,15.909090909090908,High,23.060377545716587,23.060377545716587
Mankhurd,Mumbai,32270,0.56,57625.0,0.8,7,83.2,189,21,High,High,Low,High,12.499999999999998,High,22.1063125,22.1063125
Mandala,Mumbai,28433,0.49,58026.53061,0.8,7,85.8,161,21,High,High,Low,High,14.285714285714286,High,19.38698534710054,19.38698534710054
Govandi,Mumbai,30872,0.52,59369.23077,0.82,7,86.3,204,21,High,High,Low,High,13.461538461538462,High,23.81923661532919,23.81923661532919
Baiganwadi,Mumbai,32823,0.54,60783.33333,0.88,7,80.1,182,24,High,High,Low,High,12.962962962962962,High,21.61280203727724,21.61280203727724
Deonar,Mumbai,26560,0.46,57739.13043,0.78,6,81.2,165,20,Medium,High,Low,High,13.043478260869565,High,19.745338087301157,19.745338087301157
Shivaji Nagar,Mumbai,26740,0.48,55708.33333,0.75,6,87.9,152,17,Medium,High,Medium,High,12.5,High,17.586207500240207,17.586207500240207
Gautam Nagar,Mumbai,34499,0.51,67645.09804,0.68,7,89.1,180,22,Low,High,Medium,High,13.72549019607843,High,20.22966545092387,20.22966545092387
Lallubhai Compound,Mumbai,25982,0.47,55280.85106,0.68,6,86.4,142,17,Low,High,Low,High,12.765957446808512,High,16.653672596020655,16.653672596020655
Wadala,Mumbai,22436,0.7,32051.42857,0.8,4,89.9,96,10,High,Medium,Medium,Medium,5.714285714285714,Medium,10.078336914388657,10.078336914388657
Sangam Nagar,Mumbai,26244,0.41,64009.7561,0.78,6,81.3,136,15,Medium,High,Low,High,14.634146341463415,High,16.628711902263273,16.628711902263273
BPT Colony,Mumbai,20170,0.69,29231.88406,0.75,4,87.0,70,7,Medium,Medium,Low,Medium,5.797101449275363,Medium,7.5673272462306045,7.5673272462306045
Sahakar Nagar,Mumbai,19807,0.78,25393.58974,0.7,3,88.9,69,7,Medium,Low,Medium,Medium,3.846153846153846,Low,6.73597946179714,6.73597946179714
Madhav Nagar,Mumbai,31970,0.51,62686.27451,0.78,8,80.1,174,22,Medium,High,Low,High,15.686274509803921,High,21.567501019593717,21.567501019593717
Kidwai Nagar,Mumbai,21040,0.84,25047.61905,0.78,3,88.2,76,8,Medium,Low,Medium,Medium,3.5714285714285716,Low,7.580554856971286,7.580554856971286
GTB Nagar,Mumbai,34445,0.56,61508.92857,0.78,7,80.8,189,22,Medium,High,Low,High,12.499999999999998,High,22.016788607245804,22.016788607245804
Chunabhatti,Mumbai,31896,0.53,60181.13208,0.8,8,86.7,173,18,High,High,Low,High,15.094339622641508,High,20.84112611288124,20.84112611288124
Trombay,Mumbai,10847,0.47,23078.7234,0.72,2,88.5,41,4,Medium,Low,Medium,Low,4.25531914893617,Low,3.9394347662640845,3.9394347662640845
Trombay Koliwada,Mumbai,28103,0.45,62451.11111,0.62,7,86.5,150,19,Low,High,Low,High,15.555555555555555,High,18.10120537785785,18.10120537785785
Cheetah Camp,Mumbai,34164,0.56,61007.14286,0.8,7,82.6,214,22,High,High,Low,High,12.499999999999998,High,24.754795285508397,24.754795285508397
South Mumbai,Mumbai,24416,0.45,54257.77778,0.88,7,93.4,148,20,High,High,High,High,15.555555555555555,High,18.103940977617647,18.103940977617647
Agripada,Mumbai,17943,0.48,37381.25,0.82,4,84.9,94,12,High,Medium,Low,Medium,8.333333333333334,Medium,10.971541791666667,10.971541791666667
Chinchpokli,Mumbai,20052,0.39,51415.38462,0.83,5,94.7,99,11,High,High,High,Medium,12.82051282051282,High,11.485571179154595,11.485571179154595
Chor Bazaar,Mumbai,24971,0.47,53129.78723,0.89,8,93.6,160,20,High,High,High,High,17.02127659574468,High,20.128441830078547,20.128441830078547
Churchgate,Mumbai,21725,0.53,40990.56604,0.87,6,92.9,130,16,High,Medium,High,High,11.320754716981131,High,15.350026679082129,15.350026679082129
Cuffe Parade,Mumbai,17620,0.42,41952.38095,0.78,4,94.6,44,4,Medium,Medium,High,Low,9.523809523809524,High,4.559088190647764,4.559088190647764
Dava Bazaar,Mumbai,22436,0.5,44872.0,0.88,6,92.4,121,14,High,High,High,High,12.0,High,14.373235680000002,14.373235680000002
Grant Road,Mumbai,19533,0.46,42463.04348,0.78,4,93.9,109,12,Medium,High,High,Medium,8.695652173913043,High,11.634850304222503,11.634850304222503
Kemps Corner,Mumbai,20473,0.41,49934.14634,0.65,5,90.6,55,4,Low,High,Medium,Low,12.195121951219512,High,6.53360785376399,6.53360785376399
Lower Parel,Mumbai,24855,0.45,55233.33333,0.82,7,93.3,163,19,High,High,High,High,15.555555555555555,High,19.69099844468464,19.69099844468464
Mahalaxmi,Mumbai,19792,0.48,41233.33333,0.73,5,93.0,116,12,Medium,Medium,High,High,10.416666666666668,High,13.241486333573532,13.241486333573532
Mahim,Mumbai,19099,0.38,50260.52632,0.78,4,92.8,81,9,Medium,High,High,Medium,10.526315789473685,High,8.722508999696592,8.722508999696592
Masjid Bunder,Mumbai,18761,0.54,34742.59259,0.9,6,93.6,106,13,High,Medium,High,Medium,11.11111111111111,High,12.95649766685349,12.95649766685349
Marine Drive,Mumbai,19167,0.48,39931.25,0.72,6,92.0,81,9,Medium,Medium,High,Medium,12.5,High,10.273132125,10.273132125
Marine Lines,Mumbai,19605,0.55,35645.45455,0.8,5,92.8,90,9,High,Medium,High,Medium,9.09090909090909,High,10.24049036330882,10.24049036330882
Mumbai Central,Mumbai,22201,0.4,55502.5,0.68,6,94.9,143,16,Low,High,High,High,15.0,High,16.908321850000004,16.908321850000004
Nagpada,Mumbai,16117,0.45,35815.55556,0.85,3,94.4,86,12,High,Medium,High,Medium,6.666666666666666,Medium,8.707904399679736,8.707904399679736
Nariman Point,Mumbai,23666,0.52,45511.53846,0.85,7,95.5,142,15,High,High,High,High,13.461538461538462,High,17.001893923187787,17.001893923187787
Prabhadevi,Mumbai,16795,0.39,43064.10256,0.78,3,90.3,69,7,Medium,High,Medium,Medium,7.692307692307692,Medium,6.958095846449476,6.958095846449476
Worli,Mumbai,23257,0.57,40801.75439,0.75,6,95.9,132,14,Medium,Medium,High,High,10.526315789473685,High,14.900336104972393,14.900336104972393
Antop Hill,Mumbai,19338,0.43,44972.09302,0.82,4,90.3,104,11,High,High,Medium,Medium,9.30232558139535,High,11.479602232792756,11.479602232792756
C.G.S. colony,Mumbai,15908,0.47,33846.80851,0.75,3,91.8,62,6,Medium,Medium,High,Medium,6.382978723404256,Medium,6.143488340471527,6.143488340471527
Bhuleshwar,Mumbai,28254,0.43,65706.97674,0.89,7,90.6,160,21,High,High,Medium,High,16.27906976744186,High,19.18528195379002,19.18528195379002
Zaveri Baazar,Mumbai,23733,0.59,40225.42373,0.91,6,93.0,146,19,High,Medium,High,High,10.16949152542373,High,16.788956915168743,16.788956915168743
Bhendi Bazaar,Mumbai,21548,0.41,52556.09756,0.9,5,89.6,125,16,High,High,Medium,High,12.195121951219512,High,14.614270048850791,14.614270048850791
Byculla,Mumbai,17543,0.51,34398.03922,0.82,4,94.0,102,11,High,Medium,High,Medium,7.8431372549019605,Medium,11.10689627419896,11.10689627419896
Dagdi Chawl,Mumbai,23574,0.5,47148.0,0.83,6,92.2,147,19,High,High,High,High,12.0,High,17.134107120000003,17.134107120000003
Ghodapdeo,Mumbai,18725,0.53,35330.18868,0.82,4,91.6,102,13,High,Medium,High,Medium,7.547169811320754,Medium,11.12975384900222,11.12975384900222
Colaba,Mumbai,19870,0.39,50948.71795,0.82,4,90.7,89,9,High,High,High,Medium,10.256410256410255,High,9.693000820420435,9.693000820420435
Navy Nagar,Mumbai,16970,0.52,32634.61538,0.7,4,94.9,39,3,Medium,Medium,High,Low,7.692307692307692,Medium,3.8276526926402763,3.8276526926402763
Cumbala Hill,Mumbai,16184,0.56,28900.0,0.6,4,91.1,33,3,Low,Medium,High,Low,7.142857142857142,Medium,3.433034571428572,3.433034571428572
Breach Candy,Mumbai,15985,0.52,30740.38462,0.58,3,92.5,37,3,Low,Medium,High,Low,5.769230769230769,Medium,3.063332191975107,3.063332191975107
Dadar,Mumbai,24026,0.45,53391.11111,0.82,6,95.9,144,15,High,High,High,High,13.333333333333332,High,16.547371200080065,16.547371200080065
Hindu colony,Mumbai,17758,0.44,40359.09091,0.78,4,92.2,48,4,Medium,Medium,High,Low,9.090909090909092,High,5.163377727207219,5.163377727207219
Shivaji Park Residential Zone,Mumbai,15855,0.48,33031.25,0.72,3,93.8,39,3,Medium,Medium,High,Low,6.25,Medium,3.3344211250000004,3.3344211250000004
Parsi Colony,Mumbai,19959,0.42,47521.42857,0.72,4,93.6,49,4,Medium,High,High,Low,9.523809523809524,High,4.757438619150564,4.757438619150564
Naigaon,Mumbai,19930,0.48,41520.83333,0.8,5,94.9,87,9,High,Medium,High,Medium,10.416666666666668,High,9.825637083573534,9.825637083573534
Fort,Mumbai,21447,0.54,39716.66667,0.9,6,92.8,131,14,High,Medium,High,High,11.11111111111111,High,15.50766588864869,15.50766588864869
Ballard Estate,Mumbai,24652,0.44,56027.27273,0.86,7,94.9,137,17,High,High,High,High,15.909090909090908,High,16.71975690889438,16.71975690889438
Dhobitalao,Mumbai,24738,0.46,53778.26087,0.87,6,93.9,133,16,High,High,High,High,13.043478260869565,High,15.373674347794758,15.373674347794758
Kala Ghoda,Mumbai,20024,0.51,39262.7451,0.88,5,95.4,104,13,High,Medium,High,Medium,9.803921568627452,High,11.703952313584196,11.703952313584196
Girgaon,Mumbai,24950,0.55,45363.63636,0.85,6,89.4,130,17,High,High,Medium,High,10.909090909090908,High,15.155754545716583,15.155754545716583
Charni Road,Mumbai,21297,0.48,44368.75,0.68,5,89.4,102,14,Low,High,Medium,Medium,10.416666666666668,High,11.692228208333333,11.692228208333333
Khotachiwadi,Mumbai,28382,0.4,70955.0,0.68,6,89.4,159,18,Low,High,Medium,High,15.0,High,18.090914700000003,18.090914700000003
Kalbadevi,Mumbai,25223,0.45,56051.11111,0.91,7,93.6,149,17,High,High,High,High,15.555555555555555,High,18.098585377857848,18.098585377857848
Abdul Rehman Street,Mumbai,2633,0.23,11447.82609,0.9,1,91.9,13,2,High,Low,High,Low,4.3478260869565215,Low,1.5041122606502522,1.5041122606502522
Agiary Lane,Mumbai,3427,0.17,20158.82353,0.88,1,88.0,14,1,High,Low,Medium,Low,5.88235294117647,Medium,1.9266554117223162,1.9266554117223162
Anant Wadi,Mumbai,25508,0.49,52057.14286,0.87,6,89.2,135,16,High,High,Medium,High,12.244897959183673,High,15.813327836528808,15.813327836528808
Arthur Road Junction,Mumbai,27256,0.54,50474.07407,0.86,6,90.0,131,18,High,High,Medium,High,11.11111111111111,High,14.939191111404691,14.939191111404691
Saleem road,Mumbai,2732,0.22,12418.18182,0.86,1,92.5,9,1,High,Low,High,Low,4.545454545454546,Low,0.9700007271417097,0.9700007271417097
Balaji Mandir,Mumbai,24298,0.51,47643.13725,0.85,6,92.4,98,11,High,High,High,Medium,11.76470588235294,High,11.438652000353231,11.438652000353231
Bhuleshwar Road,Mumbai,2657,0.17,15629.41176,0.89,1,88.8,13,2,High,Low,Medium,Low,5.88235294117647,Medium,2.0790688238685187,2.0790688238685187
Cavel,Mumbai,27519,0.47,58551.06383,0.85,6,90.1,149,16,High,High,Medium,High,12.765957446808512,High,17.04812906381446,17.04812906381446
Cavel Cross Lane,Mumbai,3159,0.18,17550.0,0.85,1,90.1,12,1,High,Low,Medium,Low,5.555555555555555,Medium,1.5459314444444452,1.5459314444444452
Champa Wadi,Mumbai,26860,0.45,59688.88889,0.87,6,92.3,137,16,High,High,High,High,13.333333333333332,High,15.657673333253264,15.657673333253264
Chandanwadi Road,Mumbai,3297,0.24,13737.5,0.86,1,87.7,12,1,High,Low,Medium,Low,4.166666666666667,Low,1.4813230833333328,1.4813230833333328
Chira Bazaar,Mumbai,26085,0.52,50163.46154,0.88,7,91.1,134,19,High,High,High,High,13.461538461538462,High,16.16834834604299,16.16834834604299
Clive Road,Mumbai,3362,0.2,16810.0,0.87,1,87.2,12,1,High,Low,Medium,Low,5.0,Low,1.6470593999999994,1.6470593999999994
Cotton Exchange,Mumbai,18981,0.49,38736.73469,0.88,5,92.5,106,12,High,Medium,High,Medium,10.204081632653061,High,12.381940857422272,12.381940857422272
Dadasaheb Parulekar Marg,Mumbai,2576,0.21,12266.66667,0.86,1,88.2,5,1,High,Low,Medium,Low,4.761904761904762,Low,0.9874803807121809,0.9874803807121809
Dadiseth Agiary Lane,Mumbai,3345,0.16,20906.25,0.87,1,89.6,12,1,High,Low,Medium,Low,6.25,Medium,1.6447086250000007,1.6447086250000007
Dhanji Street,Mumbai,3045,0.16,19031.25,0.89,1,92.5,15,2,High,Low,High,Low,6.25,Medium,1.8867691249999998,1.8867691249999998
Dhirubhai Parekh Marg,Mumbai,3023,0.21,14395.2381,0.87,1,87.5,11,1,High,Low,Medium,Low,4.761904761904762,Low,1.5858195234663808,1.5858195234663808
Dr. Atmaram Merchant Road,Mumbai,2873,0.2,14365.0,0.86,1,92.0,11,1,High,Low,High,Low,5.0,Low,1.282822100000001,1.282822100000001
Dr. M.B. Velkar Street,Mumbai,2711,0.19,14268.42105,0.87,1,90.2,10,1,High,Low,Medium,Low,5.2631578947368425,Low,1.4476108422948957,1.4476108422948957
Dr. Viegas Street,Mumbai,3442,0.2,17210.0,0.85,1,89.6,12,1,High,Low,Medium,Low,5.0,Low,1.3909874000000002,1.3909874000000002
Fanas Wadi,Mumbai,26176,0.45,58168.88889,0.87,7,92.1,143,18,High,High,High,High,15.555555555555555,High,17.357982311031048,17.357982311031048
Fofal Wadi,Mumbai,22895,0.57,40166.66667,0.86,6,93.9,109,14,High,Medium,High,Medium,10.526315789473685,High,12.608764526075593,12.608764526075593
Gaiwadi Lane,Mumbai,2708,0.21,12895.2381,0.86,1,87.8,9,1,High,Low,Medium,Low,4.761904761904762,Low,1.4313855234663813,1.4313855234663813
Gaushala,Mumbai,26504,0.59,44922.0339,0.85,7,93.9,134,16,High,High,High,High,11.864406779661017,High,15.633844677843967,15.633844677843967
Gulal Wadi,Mumbai,27862,0.5,55724.0,0.87,7,93.7,134,17,High,High,High,High,14.0,High,15.748316560000003,15.748316560000003
Haines Road,Mumbai,2746,0.2,13730.0,0.86,1,91.5,10,1,High,Low,High,Low,5.0,Low,1.2584801999999993,1.2584801999999993
Hollvard Road,Mumbai,3195,0.23,13891.30435,0.85,1,90.6,12,1,High,Low,Medium,Low,4.3478260869565215,Low,1.2814152172346516,1.2814152172346516
Jagannath Shankarseth (JSS) Road,Mumbai,3375,0.22,15340.90909,0.87,1,87.8,13,1,High,Low,Medium,Low,4.545454545454546,Low,1.6319130000655093,1.6319130000655093
Kalbadevi Road,Mumbai,3397,0.19,17878.94737,0.9,1,90.9,19,2,High,Low,High,Low,5.2631578947368425,Low,2.176608315675696,2.176608315675696
Kavi Nirav Lane,Mumbai,3403,0.22,15468.18182,0.86,1,88.4,13,1,High,Low,Medium,Low,4.545454545454546,Low,1.5613177271417085,1.5613177271417085
Kazi Syed Street,Mumbai,3174,0.23,13800.0,0.88,1,87.8,16,2,High,Low,Medium,Low,4.3478260869565215,Low,2.013666608695651,2.013666608695651
Khodad Circle,Mumbai,23551,0.54,43612.96296,0.87,6,92.8,119,16,High,High,High,High,11.11111111111111,High,13.836026777991291,13.836026777991291
Kika Street,Mumbai,2902,0.24,12091.66667,0.88,1,87.1,13,2,High,Low,Low,Low,4.166666666666667,Low,1.7841698330931335,1.7841698330931335
Kolbhat Lane,Mumbai,3420,0.18,19000.0,0.87,1,91.0,12,1,High,Low,High,Low,5.555555555555555,Medium,1.3815924444444447,1.3815924444444447
Lohar Chawl,Mumbai,20270,0.6,33783.33333,0.9,6,94.4,112,13,High,Medium,High,High,10.0,High,13.1917330002402,13.1917330002402
M.J. Market,Mumbai,22918,0.58,39513.7931,0.89,6,92.8,129,16,High,Medium,High,High,10.344827586206897,High,14.97835137955883,14.97835137955883
Malharrao Wadi,Mumbai,23174,0.42,55176.19048,0.86,6,90.3,125,16,High,High,Medium,High,14.285714285714286,High,15.166624856868346,15.166624856868346
Mangaladevi Marg,Mumbai,3346,0.2,16730.0,0.86,1,87.9,12,1,High,Low,Medium,Low,5.0,Low,1.5827001999999992,1.5827001999999992
Mirza Street,Mumbai,3327,0.21,15842.85714,0.87,1,89.1,13,1,High,Low,Medium,Low,4.761904761904762,Low,1.5695040954439818,1.5695040954439818
Nagdevi Cross Street,Mumbai,2815,0.19,14815.78947,0.88,1,92.7,10,1,High,Low,High,Low,5.2631578947368425,Low,1.1998914739496953,1.1998914739496953
Narayan Dhuru Street,Mumbai,3208,0.2,16040.0,0.88,1,91.0,12,1,High,Low,High,Low,5.0,Low,1.3811695999999989,1.3811695999999989
Old Satta Gully,Mumbai,24870,0.41,60658.53659,0.87,6,90.4,134,16,High,High,Medium,High,14.634146341463415,High,15.93431678015387,15.93431678015387
Panjrapole Lane,Mumbai,2641,0.18,14672.22222,0.85,1,90.0,10,1,High,Low,Medium,Low,5.555555555555555,Medium,1.5348041112712454,1.5348041112712454
Pophalwadi,Mumbai,23239,0.46,50519.56522,0.86,5,93.0,127,15,High,High,High,High,10.869565217391305,High,14.123580651985934,14.123580651985934
Premkumar Sharma Road,Mumbai,2688,0.19,14147.36842,0.86,1,87.8,9,1,High,Low,Medium,Low,5.2631578947368425,Low,1.5423098948126956,1.5423098948126956
Ram Wadi,Mumbai,22747,0.41,55480.4878,0.86,5,90.3,119,14,High,High,Medium,High,12.195121951219512,High,13.624142488156394,13.624142488156394
Shaikh Memon Street,Mumbai,2827,0.19,14878.94737,0.88,1,92.4,13,2,High,Low,High,Low,5.2631578947368425,Low,1.5622403156756945,1.5622403156756945
Shrikant Palekar Marg,Mumbai,2716,0.23,11808.69565,0.86,1,90.7,10,1,High,Low,High,Low,4.3478260869565215,Low,1.2048120001566516,1.2048120001566516
Sitaram Poddar Marg,Mumbai,2753,0.18,15294.44444,0.86,1,90.1,10,1,High,Low,Medium,Low,5.555555555555555,Medium,1.4904907780980454,1.4904907780980454
Swadeshi Market,Mumbai,20969,0.51,41115.68627,0.89,6,95.4,109,13,High,Medium,High,Medium,11.76470588235294,High,12.934516117972034,12.934516117972034
Tambakata,Mumbai,27388,0.48,57058.33333,0.88,6,93.7,145,17,High,High,High,High,12.5,High,16.3090385002402,16.3090385002402
Tatya Gharpure Marg,Mumbai,2978,0.17,17517.64706,0.86,1,90.7,11,1,High,Low,High,Low,5.88235294117647,Medium,1.5228305881505189,1.5228305881505189
Thakurdwar Road,Mumbai,3270,0.21,15571.42857,0.87,1,87.5,16,2,High,Low,Medium,Low,4.761904761904762,Low,2.06906323819818,2.06906323819818
Vithal Wadi,Mumbai,28632,0.59,48528.81356,0.86,7,91.6,137,17,High,High,High,High,11.864406779661017,High,15.924064135544366,15.924064135544366
Vithoba Lane,Mumbai,2941,0.24,12254.16667,0.86,1,88.1,11,1,High,Low,Medium,Low,4.166666666666667,Low,1.439812083093134,1.439812083093134
Kamathipura,Mumbai,28106,0.41,68551.21951,0.84,7,89.8,183,21,High,High,Medium,High,17.073170731707318,High,21.935278536743546,21.935278536743546
Malabar Hill,Mumbai,17774,0.54,32914.81481,0.55,4,92.6,41,3,Low,Medium,High,Low,7.4074074074074066,Medium,3.9820710373839927,3.9820710373839927
Walkeshwar,Mumbai,17537,0.4,43842.5,0.52,4,93.0,41,3,Low,High,High,Low,10.0,High,4.17255745,4.17255745
Matunga,Mumbai,18338,0.39,47020.51282,0.8,4,93.3,78,7,High,High,High,Medium,10.256410256410255,High,8.48181928208824,8.48181928208824
King Circle,Mumbai,17368,0.47,36953.19149,0.8,4,92.0,67,7,High,Medium,High,Medium,8.51063829787234,Medium,7.370192170166772,7.370192170166772
Parel,Mumbai,22717,0.54,42068.51852,0.8,6,94.1,120,14,High,High,High,High,11.11111111111111,High,13.883251444337693,13.883251444337693
Cotton Green,Mumbai,23621,0.58,40725.86207,0.8,7,92.0,128,17,High,Medium,High,High,12.06896551724138,High,15.455890241304768,15.455890241304768
Lalbaug,Mumbai,16813,0.47,35772.34043,0.82,3,92.9,76,8,High,Medium,High,Medium,6.382978723404256,Medium,7.564002510316328,7.564002510316328
Sion,Mumbai,20560,0.46,44695.65217,0.82,5,91.8,106,13,High,High,High,Medium,10.869565217391305,High,12.225155826368931,12.225155826368931
Chunabhatti,Mumbai,16314,0.42,38842.85714,0.8,4,80.7,81,10,High,Medium,Low,Medium,9.523809523809524,High,10.21410847639636,10.21410847639636
Tardeo,Mumbai,19733,0.47,41985.10638,0.72,4,93.2,84,9,Medium,Medium,High,Medium,8.51063829787234,Medium,8.760600383193372,8.760600383193372
Carmichael Road,Mumbai,3316,0.23,14417.3913,0.57,1,88.0,6,1,Low,Low,Medium,Low,4.3478260869565215,Low,0.5298333916176515,0.5298333916176515
Gowalia Tank,Mumbai,16647,0.46,36189.13043,0.63,3,91.4,71,6,Low,Medium,High,Medium,6.521739130434782,Medium,6.976897174257679,6.976897174257679
Altamount Road,Mumbai,18027,0.5,36054.0,0.58,4,94.0,40,3,Low,Medium,High,Low,8.0,Medium,3.785940760000002,3.785940760000002
Nana Chowk,Mumbai,16258,0.54,30107.40741,0.68,4,93.9,69,6,Low,Medium,High,Medium,7.4074074074074066,Medium,7.371984814627992,7.371984814627992
Umarkhadi,Mumbai,26867,0.54,49753.7037,0.86,6,90.9,148,17,High,High,High,High,11.11111111111111,High,16.84400100026689,16.84400100026689
Dongri,Mumbai,28486,0.57,49975.4386,0.87,7,93.2,155,22,High,High,High,High,12.280701754385966,High,17.90170350851909,17.90170350851909
Other,Mumbai,19174,0.78,24582.05128,0.65,4,89.3,69,7,Low,Low,Medium,Medium,5.128205128205128,Low,7.2280261027119215,7.2280261027119215
Dharavi,Mumbai,30910,0.4,77275.0,0.93,7,84.1,203,21,High,High,Low,High,17.5,High,24.3288455,24.3288455
Koliwada,Mumbai,31284,0.48,65175.0,0.88,7,81.3,164,19,High,High,Low,High,14.583333333333334,High,19.79739316666667,19.79739316666667
Koombarwara,Mumbai,31594,0.56,56417.85714,0.88,7,84.4,177,20,High,High,Low,High,12.499999999999998,High,20.799491214491603,20.799491214491603
